1039201260019;Negativa;10 MG COM CT BL AL/PLAS TRANS X 12;7,79;8,73
1039201270073;Positiva;15 MG/ML SUS OR CT  FR PLAS  OPC GOT X 20 ML;10,85;10,85
1039201270081;Positiva;15 MG/ML SUS OR CT 50 FR PLAS OPC GOT X 20 ML (EMB HOSP);560,94;560,94
1039201320038;Negativa;50 MG/G CREM DERM CT BG AL X 10 G;13,68;15,32
1039201350018;Positiva;5 MG + 50 MG COM CT BL AL PLAS INC X 30;13,48;13,48
1039201400023;Negativa;5500UI/G + 990UI/G + 150MG/G POM CT BG AL X 45G;11,95;13,38
1039201400031;Negativa;5500UI/G + 990UI/G + 150MG/G POM CX 50 BG AL X 45G;458,57;513,6
1039201470048;Positiva;40 MG COM CT BL AL PLAS INC X 500 (EMB HOSP);79,07;79,07
1039201470056;Positiva;80 MG COM CT BL AL PLAS INC X 30;7,06;7,06
1039201470080;Positiva;40 MG COM CT BL AL PLAS INC X 30;4,39;4,39
1039201500052;Positiva;5 MG COM CT BL AL PLAS AMB X 20;18,47;18,47
1039201500060;Positiva;5 MG COM CT BL AL PLAS AMB X 500;83,81;83,81
1039201500079;Positiva;10 MG COM CT BL AL PLAS AMB X 20;30,62;30,62
1039201500087;Positiva;10 MG COM CT BL AL PLAS AMB  X 500;142,51;142,51
1039201500095;Positiva;5 MG COM CT BL AL PLAS AMB X 30;15,59;15,59
1039201500109;Positiva;10 MG COM CT BL AL PLAS AMB X 30;19,71;19,71
1039201550033;Positiva;200 MG COM REV CT BL AL PLAS TRANS X 20;8,22;8,22
1039201550041;Positiva;200 MG COM REV CX BL AL PLAS TRANS X 200;101,94;101,94
1039201570069;Positiva;150 MG CAP DURA CT BL AL PLAS TRANS X 1;7,46;7,46
1039201570077;Positiva;150 MG CAP DURA CT BL AL PLAS TRANS X 500;847,94;847,94
1039201570085;Positiva;150 MG CAP DURA CT BL AL PLAS TRANS X 2;10,56;10,56
1039201580013;Negativa;0,5 MG/G+1,0MG/G+10 MG/G+10 MG/G CREM DERM CT BG AL X 15 G;13,01;14,57
1039201580056;Negativa;0,5 MG/G+1,0MG/G+10 MG/G+10 MG/G POM DERM CT BG AL X 15 G;10,64;11,92
1039201600014;Negativa;400MG + 10MG + 10MG + 2MG COM CT BL AL PLAS TRANS X 20;17,28;19,35
1039201600022;Negativa;400MG + 10MG + 10MG + 2MG COM CT BL AL PLAS TRANS X 100;80,79;90,48
1039201610095;Positiva;25 MG COM CT BL AL PLAS TRANS X 30;6,94;6,94
1039201610125;Positiva;25 MG COM CT BL AL PLAS TRANS X 510;111,65;111,65
1039201650011;Positiva;100 MG COM CT BL AL PLAS INC X 20;3,68;3,68
1039201650021;Positiva;100 MG COM CT BL AL PLAS INC X 500 ( EMB HOSP);92,3;92,3
1039201650038;Positiva;200 MG COM CT BL AL PLAS INC X 20;4,11;4,11
1039201660017;Positiva;0,25 MG COM CT BL AL PLAS TRANS  X 24;8,31;8,31
1039201660033;Positiva;0,25 MG COM CT BL AL PLAS TRANS X 480;110,01;110,01
1039201670012;Positiva;6 MG COM CT BL AL PLAS TRANS X 2;11,88;11,88
1039201670020;Positiva;6 MG COM CT BL AL PLAS TRANS X 4;19,83;19,83
1039201670039;Positiva;6 MG COM CT BL AL PLAS TRANS X 500;1693,16;1693,16
1039201680042;Positiva;25 MG COM CT BL AL PLAS TRANS X 30;5,64;5,64
1039201680093;Positiva;50 MG COM CT BL AL PLAS TRANS X 30;13,37;13,37
1039201680141;Positiva;100 MG COM CT BL AL PLAS TRANS X 30;13,88;13,88
1039201690021;Positiva;400 MG + 80 MG COM CT BL AL PLAS TRANS X 20;12,5;12,5
1039201700051;Positiva;40 MG/ML + 8 MG/ML SUS OR CT FR PET AMB X 100 ML;10,32;10,32
1039201710014;Negativa;10 MG/G CREM DERM CT BG AL X 50 G;16,67;18,67
1039201710030;Negativa;10 MG/G CREM DERM CT BG AL X 20 G;6,67;7,47
1039201720011;Positiva;100 MG COM REV CT ENV AL X 12;24,38;24,38
1039201740010;Positiva;100 MG COM CT BL AL PLAS TRANS X 12;8,8;8,8
1039201750016;Positiva;50 MG/ML SUS OR CT FR GOT PLAS OPC X 15 ML;13,93;13,93
1039201760021;Positiva;5 MG COM CT BL AL PLAS TRANS X 20;8,6;8,6
1039201760054;Positiva;20 MG COM CT BL AL PLAS TRANS X 20;19,73;19,73
1039201770033;Positiva;10 MG COM CT ENV AL X 30;4,95;4,95
1039201770051;Positiva;20 MG COM CT ENV AL X 30;21,31;21,31
1039201780012;Positiva;50 MG COM REV CT BL AL PLAS TRANS X 30;6,54;6,54
1039201790026;Negativa;50 MG/G POM DERM CT BG AL X 30 G;11,4;12,77
1039201800021;Positiva;100 MG COM CT BL AL PLAS PVC TRANS X 30;42,83;42,83
1039201810027;Negativa;1 MG COM REV CT  BL AL PLAS INC X 30;27,56;30,87
1039201820014;Positiva;50 MG CAP GEL DURA CT BL AL PLAS AMB X 10;17,19;17,19
1039201840023;Positiva;10 MG COM CT BL AL PLAS TRANS X 50;8,22;8,22
1039201840041;Positiva;10 MG COM CT BL AL PLAS TRANS X 480;82,61;82,61
1039201850029;Positiva;40 MG COM REV LIB RETARD CT STR AL/PLAS X 14;17,87;17,87
1039201850037;Positiva;40 MG COM REV LIB RETARD CT STR AL/PLAS X 28;35,75;35,75
1039201850045;Positiva;40 MG COM REV LIB RETARD CT STR AL/PLAS X 490;934,1;934,1
1039201860032;Negativa;1000 MG COM REV CT BL AL PLAS INC X 500;1135,11;1271,32
1039201870021;Positiva;5 MG COM CT BL AL PLAS AMB X 500;146,09;146,09
1039201870046;Positiva;10 MG COM CT BL AL PLAS AMB  X 500;162,33;162,33
1039201870054;Positiva;5 MG COM CT BL AL PLAS AMB X 30;14,78;14,78
1039201870062;Positiva;10 MG COM CT BL AL PLAS AMB X 30;29,74;29,74
1039201880017;Positiva;3,0 MG/ML SOL OR CT FR PLAS PET AMB X 60 ML + COP;8,88;8,88
1039201880025;Positiva;3,0 MG/ML SOL OR CT FR PLAS PET AMB X 120 ML + COP;18,76;18,76
1039201890063;Positiva;20 MG CAP DURA CT BL AL PLAS TRANS X 60;42,5;42,5
1039201890071;Positiva;20 MG CAP DURA CT BL AL PLAS TRANS X 30;21,24;21,24
1039201900018;Positiva;150 MG CAP DURA CT BL AL PLAS TRANS X 1;6,93;6,93
1039201900034;Positiva;150 MG CAP DURA CT BL AL PLAS TRANS X 2;10,04;10,04
1039201910013;Positiva;50 MG COM CT BL AL PLAS TRANS X 28;9,28;9,28
1039201920019;Positiva;(50,0 + 12,5) MG COM  CT BL AL PLAS TRANS X 28;15,82;15,82
1039201920027;Positiva;(100,0 + 25,0) MG COM  CT BL AL PLAS TRANS X 28;22,81;22,81
1039201930049;Positiva;25 MG COM REV CT BL AL/ALX 60;27,15;27,15
1039201930081;Positiva;50 MG COM REV CT BL AL/ALX 60;59,3;59,3
1039201930121;Positiva;100 MG COM REV CT BL AL/ALX 60;123,02;123,02
1039201940011;Negativa;1000 MG COM REV CT BL AL PLAS TRANS X 2;12,04;13,48
1039201940028;Negativa;1000 MG COM REV CT BL AL PLAS TRANS X 4;20,46;22,92
1039201940036;Negativa;1000 MG COM REV CT BL AL PLAS TRANS X 500;1013,48;1135,1
1039201950015;Negativa;7 MG/ML XPE CT FR PLAS AMB X 100 ML + COP;16,86;18,88
1039201970032;Positiva;1 MG COM REV CT BL AL PLAS TRANS X 30;23,6;23,6
1039201970075;Positiva;2 MG COM REV CT BL AL PLAS TRANS X 30;28,87;28,87
1039201970113;Positiva;3 MG COM REV CT BL AL PLAS TRANS X 30;30,19;30,19
1039201980011;Negativa;7000UI COM REV BL AL PLAS PVDC TRANS X 4;8,67;9,71
1039201980021;Negativa;7000UI COM REV BL AL PLAS PVDC TRANS X 8;13,44;15,05
1039201980054;Negativa;7000UI COM REV BL AL PLAS PVDC TRANS X 30;48,16;53,94
1039201980070;Negativa;50000UI COM REV BL AL PLAS PVDC TRANS X 4;37,87;42,42
1039201990025;Negativa;260 MG COM REV CT BL AL PLAS TRANS X 30;22,11;24,76
1040701030016;Positiva;1,5 MG CAP DURA CT BL AL PLAS OPC X 30;98,02;98,02
1040701030040;Positiva;3 MG CAP DURA CT BL AL PLAS OPC X 30;112,47;112,47
1040701030075;Positiva;4,5 MG CAP DURA CT BL AL PLAS OPC X 30;127,72;127,72
1040701030105;Positiva;6 MG CAP DURA CT BL AL PLAS OPC X 30;130,43;130,43
1040701040011;Positiva;100 MG COM REV CT BL AL PLAS OPC X 60;4038,26;4038,26
1040701040046;Positiva;400 MG COM REV CT BL AL PLAS OPC X 30;8084,59;8084,59
1040701070050;Positiva;100 UI/ML SOL INJ CT 50 FA X 10 ML;1490,88;1490,88
1041100010043;Positiva;20MG/ML + 0,4 MG/ML SOL INJ CT 50 CAR PLAS TRANS X 1,8 ML;65,08;65,08
1043000080014;Positiva;20 MG CAP 2 BL AL PLAST X 10;16,29;16,29
1043000080022;Positiva;40 MG CAP 2 BL AL PLAST X 10;37,95;37,95
1043000130086;Positiva;150 MG CAP DURA CT BL AL PLAS TRANS X 2;33,42;33,42
1043000130094;Positiva;150MG CAP DURA CT BL AL PLAS TRANS X 4;65,13;65,13
1043000180032;Positiva;5 MG COM CT BL AL PLAS AMB X 30;32,46;32,46
1043000180059;Positiva;10 MG COM CT BL AL PLAS AMB X 30;56,95;56,95
1043000190119;Positiva;30 MG COM REV CT 6 BL AL/AL X 5;31,5;31,5
1043000270015;Negativa;6,0 MG + 120 MG CAP AP C/ MICROG CT BL AL PLAS INC X 8;18,62;20,85
1043000310017;Positiva;100 MG CAP GEL DURA CT BL AL PLAS INC X 4;32,76;32,76
1043000310033;Positiva;100 MG CAP GEL DURA CT BL AL PLAS INC X 15;72,17;72,17
1043000320012;Positiva;10 MG COM SUB-LING CT BL PVC ACLAR AL X 10;23,65;23,65
1043000320020;Positiva;10 MG COM SUB-LING CT  BL PVC ACLAR AL X 20;43,51;43,51
1043000360014;Positiva;30 MG CAP GEL DURA LIB RET CT BL AL PLAS INC X 7;13,77;13,77
1043000360030;Positiva;30 MG CAP GEL DURA LIB RET CT BL AL PLAS INC X 28;53,42;53,42
1043000400024;Positiva;3 MG CAP GEL C/ MCGRAN AP CT  BL AL PVC ACLAR PL X 30;26,09;26,09
1043000400040;Positiva;6 MG CAP GEL C/ MCGRAN AP CT  BL AL PVC ACLAR PL X 30;35,57;35,57
1043000410011;Positiva;200 MG CAP AP CT BL AL PLAS TRANS X 6;26,24;26,24
1043000410021;Positiva;200 MG CAP AP CT BL AL PLAS TRANS X 12;49,82;49,82
1043000420017;Positiva;10 MG COM CT ENV AL POLIET X 30;29,36;29,36
1043000420025;Positiva;10 MG COM CX ENV AL POLIET X 500;231,97;231,97
1043000420033;Positiva;20 MG COM CT ENV AL POLIET X 30;42,48;42,48
1043000420041;Positiva;20 MG COM CX ENV AL POLIET X 500;405,35;405,35
1043000420051;Positiva;10 MG COM CX ENV AL POLIET X 300;139,19;139,19
1043000420068;Positiva;20 MG COM CX ENV AL POLIET X 300;291,85;291,85
1043000430012;Positiva;10 MG COM REV CT BL AL PLAS PVC/PE/PVDC X 10;5,11;5,11
1043000430020;Positiva;10 MG COM REV CT BL AL PLAS PVC/PE/PVDC X 30;15,31;15,31
1043000430039;Positiva;10 MG COM REV CT BL AL PLAS PVC/PE/PVDC X 500;255,45;255,45
1043000430047;Positiva;10 MG COM REV CT BL AL PLAS PVC/PE/PVDC X 1000;510,9;510,9
1043000430055;Positiva;20 MG COM REV CT BL AL PLAS PVC/PE/PVDC TRANS X 10;23,51;23,51
1043000430063;Positiva;20 MG COM REV CT BL AL PLAS PVC/PE/PVDC TRANS X 30;58,99;58,99
1043000430071;Positiva;20 MG COM REV CT BL AL PLAS PVC/PE/PVDC TRANS X 500;412,4;412,4
1043000430081;Positiva;20 MG COM REV CT BL AL PLAS PVC/PE/PVDC TRANS X 1000;742,23;742,23
1043000430098;Positiva;40 MG COM REV CT BL AL PLAS PVC/PE/PVDC X 10;25,65;25,65
1043000430101;Positiva;40 MG COM REV CT BL AL PLAS PVC/PE/PVDC X 30;70,8;70,8
1043000430111;Positiva;40 MG COM REV CT BL AL PLAS PVC/PE/PVDC X 500;494,9;494,9
1043000430128;Positiva;40 MG COM REV CT BL AL PLAS PVC/PE/PVDC X 1000;890,67;890,67
1043000450013;Negativa;5 MG COM CT BL AL PLAS PVC/PVDC TRANS X 7;16,28;18,23
1043000450048;Negativa;5 MG COM CT BL AL PLAS PVC/PVDC TRANS X 30;69,76;78,13
1043000450072;Negativa;5 MG COM CT BL AL PLAS PVC/PVDC TRANS X 60;139,51;156,25
1044000050025;Negativa;SOL OTO CT FR PLAS OPC GOT X 10 ML;11,57;12,96
1044000090015;Negativa;10 MG/ML LOC CT FR PLAS OPC X 60 ML;17,38;19,47
1044000090031;Negativa;50 MG/ML LOC CT FR PLAS OPC X 60 ML;21,89;24,52
1044000860015;Negativa;50 MG/G POM DERM CT BG AL X 20 G;13,6;15,23
1044000920018;Negativa;300 MG + 30 MG + 30 MG DRG CT BL AL PLAS TRANS X 20;10,19;11,41
1044000920042;Negativa;300 MG + 30 MG + 30 MG DRG CT BL AL PLAS TRANS X 500(EMB FRAC);248;277,76
1044000920050;Negativa;300 MG + 30 MG + 30 MG DRG DISPLAY BL AL PLAS TRANS X 200(EMB MULT);106,88;119,71
1044000950014;Negativa;125 MG + 50 MG + 300 MG + 30 MG COM CT BL AL PLAS TRANS X 12;12,26;13,73
1044000950022;Negativa;125 MG + 50 MG + 300 MG + 30 MG COM CT BL AL PLAS TRANS X 30;25,88;28,99
1044001210014;Negativa;600 MG + 200 UI COM REV CT FR PLAS OPC X 60;44,21;49,51
1044001570030;Positiva;70 MG COM CT BL AL PLAS TRANS X 4;40,05;40,05
1044001570071;Positiva;70 MG COM CT BL AL PLAS OPC X 4;35,3;35,3
1044001800016;Negativa;(20 + 0,64 + 2,5) MG/G CREM DERM CT BG AL X 30 G;31,56;35,35
1044001800024;Negativa;(20 + 0,64 + 2,5) MG/G POM DERM CT BG AL X 30 G;29,02;32,5
1044001830012;Negativa;0,5 MG/ML SOL NAS CT FR GOT  PLAS OPC X 15 ML;8,03;8,99
1044001840042;Positiva;10 MG/ML SOL INJ CX 25 AMP VD TRANS X 5 ML;73,55;73,55
1044001850021;Negativa;5.0 MG/G POM DERM CT BG AL X 20 G;13,51;15,13
1044001870014;Negativa;50 MG/G POM DERM CT BG AL X 20 G;13,78;15,43
1044001870022;Negativa;50 MG/G SAB CT SACO PLAS X 65 G;18,78;21,03
1044001880011;Positiva;50 MG/G POM DERM CT BG AL X 25 G;13,69;13,69
1044001890015;Negativa;0,64 MG/G + 30 MG/G POM DERM CT BG AL X 30 G;21,65;24,25
1044001890023;Negativa;0,64 MG/ML + 20 MG/ML SOL TOP CT FR GOT PLAS OPC X 30 ML;25,28;28,31
1044001900010;Negativa;(125,0 + 50,0 + 300,0 + 30,0) MG COM CT BL AL PLAS TRANS X 30;26,73;29,94
1044001900029;Negativa;(125,0 + 50,0 + 300,0 + 30,0) MG COM CT BL AL PLAS TRANS X 15;12,71;14,24
1044001920021;Positiva;60 MG COM CT FR VD AMB X 60;29,37;29,37
1044001940012;Negativa;0,5 MG/G + 1,0 MG/G + 10,0 MG/G + 10,0 MG/G CREM DERM CT BG AL X 20 G;25,96;29,07
1044001940020;Negativa;0,5 MG/G + 1,0 MG/G + 10,0 MG/G + 10,0 MG/G POM DERM CT BG AL X 20 G;25,96;29,07
1044001950034;Positiva;7,5 MG COM CT BL AL PLAS PVDC TRANS X 10;15,19;15,19
1044001950042;Positiva;15 MG COM CT BL AL PLAS PVDC TRANS X 10;24,31;24,31
1044001960056;Positiva;875 MG COM REV CT STR AL X 20;61,43;61,43
1044001970027;Positiva;500 MG COM REV CT BL AL PLAS PVC TRANS X 3;29,08;29,08
1044001970061;Positiva;500 MG COM REV CT BL AL PLAS PVC TRANS X 5;41,43;41,43
1044001980030;Positiva;2,5 MG COM CT BL AL AL X 30;147,81;147,81
1044001980073;Positiva;5 MG COM CT BL AL AL X 30;218,33;218,33
1044001980111;Positiva;10 MG COM CT BL AL AL X 30;436,74;436,74
1044001990028;Positiva;900 MG P SUS OR CT FR PLAS OPC + FLAC SOL DIL X 12 ML + SER DOS;27,46;27,46
1044001990044;Positiva;1500 MG P SUS OR CT FR PLAS OPC + FR VD AMB SOL DIL X 22ML + SER DOS;27,46;27,46
1044002000102;Positiva;37,5 MG CAP DURA LIB PROL CT BL AL PLAS TRANS X 30;58,29;58,29
1044002000129;Positiva;75 MG CAP DURA LIB PROL CT BL AL PLAS TRANS X 30;113,31;113,31
1044002000145;Positiva;150 MG CAP DURA LIB PROL CT BL AL PLAS TRANS X 30;193,4;193,4
1044002010035;Positiva;80 MG/ML PO SUS OR CT FR VD AMB X 100 ML + SER DOS;27,8;27,8
1044002020014;Positiva;80 MG/ML + 11,4 MG/ML PO SUS OR CT FR VD AMB X 70 ML + SER DOS;65,38;65,38
1044002030044;Positiva;875 MG + 125 MG COM REV CT FR VD AMB X 14;102,67;102,67
1044002030052;Positiva;875 MG + 125 MG COM REV CT FR VD AMB X 20;157,45;157,45
1044002040031;Positiva;10 MG COM REV CT BL AL PLAS TRANS X 30;78,42;78,42
1044002040074;Positiva;20 MG COM REV CT BL AL PLAS TRANS X 30;238,63;238,63
1044002050010;Positiva;70 MG COM CT BL AL PLAS TRANS X 4;40,05;40,05
1044002060016;Negativa;0,5 MG/G + 1,0 MG/G + 10,0 MG/G + 10,0 MG/G CREM DERM CT BG AL X 20 G;25,94;29,05
1044002060024;Negativa;0,5 MG/G + 1,0 MG/G + 10,0 MG/G + 10,0 MG/G POM DERM CT BG AL X 20 G;26,47;29,65
1044002070011;Negativa;20 MG/G + 0,64 MG/G + 2,5 MG/G CREM DERM CT BG AL X 30 G;21,79;24,41
1044002070021;Negativa;20 MG/G + 0,64 MG/G + 2,5 MG/G POM DERM CT BG AL X 30 G;20,29;22,73
1044002080017;Positiva;500 MG COM REV CT BL AL PLAS TRANS X 7;66,26;66,26
1044002080025;Positiva;500 MG COM REV CT BL AL PLAS TRANS X 10;94,55;94,55
1044002090039;Positiva;500 MG COM REV CT BL AL PLAS TRANS X 3;28,38;28,38
1044002130014;Positiva;7,5 MG COM CT BL AL PLAS PVDC TRANS X 10;12,56;12,56
1044002130022;Positiva;15 MG COM CT BL AL PLAS PVDC TRANS X 10;24,28;24,28
1044002150015;Positiva;10 MG CAP DURA CT  BL AL PLAS PVC TRANS X 20;14,55;14,55
1044002150023;Positiva;25 MG CAP DURA CT  BL AL PLAS PVC TRANS X 20;22,77;22,77
1044002150066;Positiva;10 MG CAP DURA CT  BL AL PLAS PVC TRANS X 30;21,87;21,87
1044002150074;Positiva;25 MG CAP DURA CT  BL AL PLAS PVC TRANS X 30;34,2;34,2
1044002150082;Positiva;50 MG CAP DURA CT BL AL PLAS PVC TRANS X 30;49,92;49,92
1044002150090;Positiva;75 MG CAP DURA  CT BL AL PLAS PVC TRANS X 30;67,39;67,39
1044002150104;Positiva;10 MG CAP DURA CT  BL AL PLAS PVC TRANS X 60;43,72;43,72
1044002150112;Positiva;25 MG CAP DURA CT  BL AL PLAS PVC TRANS X 60;68,37;68,37
1044002150120;Positiva;50 MG CAP DURA CT BL AL PLAS PVC TRANS X 60;99,84;99,84
1044002150139;Positiva;75 MG CAP DURA  CT BL AL PLAS PVC TRANS X 60;134,79;134,79
1044002200012;Negativa;300 MG COM REV CT BL AL PLAS PVC/PVDC TRANS X 8;4,46;4,99
1044002200020;Negativa;300 MG COM REV CT BL AL PLAS PVC/PVDC TRANS X 30;16,78;18,79
1044002200039;Negativa;300 MG COM REV CT BL AL PLAS PVC/PVDC TRANS X 60;33,49;37,51
1044002220196;Positiva;4 MG COM ORODISP CT BL AL AL X 8;20,43;20,43
1044002220201;Positiva;4 MG COM ORODISP CT BL AL AL X 10;25,53;25,53
1044002220226;Positiva;8 MG COM ORODISP CT BL AL AL X 8;40,31;40,31
1044002220234;Positiva;8 MG COM ORODISP CT BL AL AL X 10;50,39;50,39
1044002240014;Negativa;(125,0 + 50,0 + 300,0 + 30,0) MG COM CT BL AL PLAS TRANS X 30;25,88;28,99
1044002240022;Negativa;(125,0 + 50,0 + 300,0 + 30,0) MG COM CT BL AL PLAS TRANS X 15;11,75;13,16
1044300090015;Negativa;1 X 10^6 END/ML SUS OR CX 100 FLAC X 5 ML;280,95;314,66
1044300090023;Negativa;1 X 10^6 END/ML SUS OR CT 6 FLAC X 5 ML;21,12;23,65
1044300090037;Negativa;1 X 10^6 END/ML SUS OR CT 2 FLAC X 5 ML;7,63;8,55
1044300090045;Negativa;1 X 10^6 END/ML SUS OR CT 12 FLAC X 5 ML;40,21;45,04
1044300200014;Negativa;5 MG COM REV CT FR VD AMB X 100;53,16;59,54
1044300200029;Negativa;5 MG COM REV CT FR VD AMB X 30;20,07;22,48
1044300400011;Neutra;7 MG/G SAB CT FILME POLIPROPILENO X 100 G;20,23;22,05
1044300400028;Neutra;7 MG/G SAB CT FILME POLIPROPILENO X 50 G;14,11;15,38
1044400180011;Negativa;50 MG CAP GEL DURA CT BL AL PLAS AMB X 10;20,46;22,91
1044400200012;Negativa;600 MG COM REV CT BL AL PLAS PVC TRANS X 8;12,92;14,47
1044400200020;Negativa;600 MG COM REV CT BL AL PLAS PVC TRANS X 15;24,21;27,12
1044400200039;Negativa;600 MG COM REV CT BL AL PLAS PVC TRANS X 30;48,45;54,26
1044400210190;Negativa;10000 UI CAP MOLE CT BL AL PLAS OPC X 8;75,13;84,15
1044400210212;Negativa;10000 UI CAP MOLE CT BL AL PLAS OPC X 30;281,77;315,58
1044400210220;Negativa;50000 UI CAP MOLE CT BL AL PLAS OPC X 4;153,16;171,54
1044400370031;Negativa;40 MG + 100 MG COM CT BL AL PLAS AMB X 20;13,82;15,48
1044400370058;Negativa;40 MG + 100 MG COM CT  BL AL PLAS AMB X 30;19,8;22,18
1044400370155;Negativa;40 MG + 100 MG COM CT  BL AL PLAS PVC/PVDC AMB X 100;67,54;75,65
1044400500024;Negativa;(1,0 + 2,5 + 1,5) MG PO LIOF SOL INJ CT 3 FA VD AMB + 3 AMP DIL VD TRANS X 2 ML;47,89;53,64
1044400500036;Negativa;(1,0 + 2,5 + 1,5) MG CAP DURA CT BL AL PLAS TRANS X 20;30,2;33,82
1044400500040;Negativa;(1,0 + 2,5 + 1,5) MG PO LIOF SOL INJ CT 6 FA VD AMB + 6 AMP DIL VD TRANS X 2 ML;95,78;107,27
1044400500059;Negativa;(1,0 + 2,5 + 1,5) MG CAP DURA CT BL AL PLAS TRANS X 50;75,52;84,58
1044400500091;Negativa;(1,0 + 2,5 + 1,5) MG CAP DURA CT BL AL PLAS TRANS X 180;271,84;304,46
1044400530012;Negativa;COM REV  CT FR VD AMB X 25;46,38;51,95
1044400530039;Negativa;COM REV  CT FR VD AMB X 100;177,86;199,2
1044400560102;Negativa;SOL INJ ADU CX X 100 AMP VD INC 2,5 ML;505,96;566,68
1044400660026;Negativa;(120+20) COM REV CT BL AL PLAS TRANS X 20;22,72;25,45
1044401080010;Negativa;191,2 MG COM CT BL PVC/PVDC OPC X 5;25,79;28,88
1044401110076;Negativa;200 MG CAP GEL MICROG CT BL AL PLAS OPC X 10;50,81;56,91
1044401130018;Negativa;SOL OR CT FR VD AMB CGT X 15 ML;47,13;52,79
1044401130026;Negativa;SOL OR CT AMP VD INC X 3 ML;10,37;11,62
1044401130042;Negativa;SOL OR CT 25 AMP VD INC X 3 ML;242,9;272,05
1045400130144;Negativa;3 MG/G GEL CT BG AL X 40 G;17,47;19,57
1045400130152;Negativa;5 MG/G GEL CT BG AL X 20 G;10,72;12,01
1045400130160;Negativa;5 MG/G GEL CT BG AL X 40 G;19,98;22,38
1045400130187;Negativa;3 MG/G POM CT BG AL X 40 G;18,13;20,31
1045400130209;Negativa;5 MG/G POM CT BG AL X 40 G;19,38;21,71
1045400130225;Negativa;5 MG/G GEL CT BG AL X 90 G;38,93;43,6
1045400130241;Negativa;5 MG/G POM CT BG AL X 90 G;38,29;42,88
1045400430342;Negativa;667 MG /ML XPE CT 10 SACH X 15 ML (SABOR AMEIXA);37,55;42,06
1045400430369;Negativa;667 MG/ML  XPE CT FR PLAS (PET) AMB X 120 ML (SABOR SALADA DE FRUTAS);30,38;34,03
1045400430377;Negativa;667 MG/ML  XPE CT FR PLAS (PET) AMB X 120 ML (SABOR AMEIXA);30,38;34,03
1045401590076;Positiva;60 MG COM CT  BL AL /AL X 8;11,13;11,13
1045401590084;Positiva;60 MG COM CT  BL AL/AL X 15;21,97;21,97
1045401590092;Positiva;60 MG COM CT  BL AL/AL X 30;41,71;41,71
1045401720018;Positiva;20 MG COM REV CT BL AL/AL X 10;14,39;14,39
1045401720034;Positiva;20 MG COM REV CT BL AL/AL X 30;43,22;43,22
1045401720042;Positiva;40 MG COM REV CT BL AL/AL X 10;15,14;15,14
1045401720069;Positiva;40 MG COM REV CT BL AL/AL X 30;45,43;45,43
1045401730031;Positiva;20 MG + 12,5 MG COM REV CT BL AL/AL X 30;50,55;50,55
1045401730064;Positiva;40 MG + 12,5 MG COM REV CT BL AL/AL X 30;57,59;57,59
1045401730099;Positiva;40 MG + 25 MG COM REV CT BL AL/AL X 30;57,59;57,59
1045401730137;Positiva;20 MG + 12,5 MG COM REV CT BL AL/AL X 7;11,8;11,8
1045401730145;Positiva;40 MG + 12,5 MG COM REV CT  BL AL/AL X 7;13,44;13,44
1045401750014;Positiva;20 MG + 5 MG COM REV CT BL AL/AL X 7;11,23;11,23
1045401750030;Positiva;20 MG + 5 MG COM REV CT BL AL/AL X 30;48,14;48,14
1045401750057;Positiva;40 MG + 5 MG COM REV CT BL AL/AL X 30;54,42;54,42
1045401750073;Positiva;40 MG + 5 MG COM REV CT BL AL/AL X 7;12,71;12,71
1045401750103;Positiva;40 MG + 10 MG COM REV CT BL AL/AL X 7;12,71;12,71
1045401750121;Positiva;40 MG + 10 MG COM REV CT BL AL/AL X 30;54,42;54,42
1045401780010;Positiva;5 MG COM REV CT BL AL/AL X 14;114,72;114,72
1045401780029;Positiva;5 MG COM REV CT BL AL/AL X 30;245,82;245,82
1045401780037;Positiva;10 MG COM REV CT BL AL/AL X 14;114,72;114,72
1045401780045;Positiva;10 MG COM REV CT BL AL/AL X 30;245,87;245,87
1045401820012;Positiva;10 MG COM CT BL AL PLAS TRANS X 12;4,92;4,92
1045401820020;Positiva;10 MG COM CT BL AL PLAS TRANS X 50;20,57;20,57
1045401820039;Positiva;10 MG COM CT BL AL PLAS TRANS X 200;82,34;82,34
1045401830018;Negativa;(37,5 + 325,0) MG COM REV CT BL AL PLAS TRANS X 4;10,96;12,28
1045401830026;Negativa;(37,5 + 325,0) MG COM REV CT BL AL PLAS TRANS X 10;26,72;29,93
1045401830034;Negativa;(37,5 + 325,0) MG COM REV CT BL AL PLAS TRANS X 20;54,79;61,36
1045401840013;Negativa;80 MG COM REV CT BL AL AL X 7;60,88;68,19
1045401840021;Negativa;80 MG COM REV CT BL AL AL X 14;121,75;136,36
1045401840031;Negativa;80 MG COM REV CT BL AL AL X 30;260,9;292,21
1045401840048;Negativa;80 MG COM REV CT BL AL AL X 60;521,8;584,42
1045401840056;Negativa;40 MG COM REV CT BL AL AL X 7;51,86;58,08
1045401840064;Negativa;40 MG COM REV CT BL AL AL X 14;103,71;116,16
1045401840072;Negativa;40 MG COM REV CT BL AL AL X 30;222,27;248,94
1045401840080;Negativa;40 MG COM REV CT BL AL AL X 60;444,52;497,86
1045401840099;Negativa;20 MG COM REV CT BL AL AL X 7;25,94;29,05
1045401840102;Negativa;20 MG COM REV CT BL AL AL X 14;51,86;58,08
1045401840110;Negativa;20 MG COM REV CT BL AL AL X 30;111,13;124,47
1045401840129;Negativa;20 MG COM REV CT BL AL AL X 60;222,27;248,94
1045401850019;Negativa;30 MG COM REV CT BL AL AL X 14 ;51,08;57,21
1045401850027;Negativa;30 MG COM REV CT BL AL AL X 30 ;109,48;122,62
1045401850035;Negativa;60 MG COM REV CT BL AL AL X 14 ;102,18;114,44
1045401850043;Negativa;60 MG COM REV CT BL AL AL X 30 ;218,96;245,23
1045401850051;Negativa;15 MG COM REV CT BL AL AL X 14 ;25,55;28,62
1045401860014;Negativa;30 MG COM REV CT BL AL AL X 14 ;51,08;57,21
1045401860022;Negativa;30 MG COM REV CT BL AL AL X 30 ;109,47;122,61
1045401860030;Negativa;60 MG COM REV CT BL AL AL X 14 ;102,18;114,44
1045401860049;Negativa;60 MG COM REV CT BL AL AL X 30 ;218,96;245,23
1045401860057;Negativa;15 MG COM REV CT BL AL AL X 14 ;25,55;28,62
1045401870011;Negativa;80 MG COM REV CT BL AL AL X 7;60,88;68,19
1045401870036;Negativa;80 MG COM REV CT BL AL AL X 30;260,9;292,21
1045401870052;Negativa;40 MG COM REV CT BL AL AL X 7;51,86;58,08
1045401870079;Negativa;40 MG COM REV CT BL AL AL X 30;222,26;248,93
1045401870095;Negativa;20 MG COM REV CT BL AL AL X 7;25,93;29,04
1045401870117;Negativa;20 MG COM REV CT BL AL AL X 30;111,13;124,47
1045401880015;Negativa;100 MG ADES TRANSD CT ENV AL PLAS PE X 3;28,3;31,7
1045401880023;Negativa;100 MG ADES TRANSD CT ENV AL PLAS PE X 7;58,07;65,04
1045401880031;Negativa;100 MG ADES TRANSD CT 20 ENV AL PLAS PE X 3;559,46;626,6
1045401880041;Negativa;100 MG ADES TRANSD CT 20 ENV AL PLAS PE X 7;1130,68;1266,36
1045401880058;Negativa;100 MG ADES TRANSD CT 50 ENV AL PLAS PE X 3;1413,56;1583,19
1045401880066;Negativa;100 MG ADES TRANSD CT 50 ENV AL PLAS PE X 7;2826,7;3165,9
1045401890010;Negativa;7000 UI CAP MOLE CT BL AL PLAS OPC X 4;23,88;26,75
1045401890029;Negativa;7000 UI CAP MOLE CT BL AL PLAS OPC X 8;47,76;53,49
1045401890037;Negativa;7000 UI CAP MOLE CT BL AL PLAS OPC X 12;71,64;80,24
1045401890045;Negativa;7000 UI CAP MOLE CT BL AL PLAS OPC X 30;179,12;200,61
1045401890053;Negativa;50000 UI CAP MOLE CT BL AL PLAS OPC X 4;155,32;173,96
1045401890061;Negativa;50000 UI CAP MOLE CT BL AL PLAS OPC X 6;233;260,96
1045401890071;Negativa;50000 UI CAP MOLE CT BL AL PLAS OPC X 8;310,66;347,94
1045401890088;Negativa;50000 UI CAP MOLE CT BL AL PLAS OPC X 10;388,32;434,92
1045401900016;Negativa;(20,0 + 12,5 + 5,0) MG COM REV CT BL AL AL X 7;17,49;19,59
1045401900024;Negativa;(20,0 + 12,5 + 5,0) MG COM REV CT BL AL AL X 30;74,99;83,99
1045401900032;Negativa;(40,0 + 12,5 + 5,0) MG COM REV CT BL AL AL X 7;20,1;22,51
1045401900040;Negativa;(40,0 + 12,5 + 5,0) MG COM REV CT BL AL AL X 30;86,12;96,45
1045401900059;Negativa;(40,0 + 25,0 + 10,0) MG COM REV CT BL AL AL X 7;21,67;24,27
1045401900067;Negativa;(40,0 + 25,0 + 10,0) MG COM REV CT BL AL AL X 30;92,88;104,03
1045401910011;Negativa;100 MG PO LIOF SOL INJ IV CT FA VD AMB;11207,54;12552,45
1046500270019;Positiva;1MG/G + 5MG/G CREM CT BG AL X 15 G;12,44;12,44
1046501030021;Positiva;0,1 MG/ML ELX CT FR VD AMB X 120 ML + CP MED;7,57;7,57
1046501160020;Negativa;10 MG/G CREM DERM CT BG AL X 50 G;12,15;13,61
1046501400013;Negativa;3 MG/ML  XPE CT FR VD AMB X 100 ML;8,88;9,95
1046501400021;Negativa;1,5 MG/ML  XPE CT FR VD AMB X 60 ML;6,55;7,34
1046502500011;Positiva;0,4 MG/ML XPE CT FR VD AMB X 120 ML + CP MED;3,38;3,38
1046502530018;Positiva;50 MG + 12,5 MG COM REV CT 3 BL AL PLAS INC X 10;37,47;37,47
1046503500023;Negativa;0,4 MG/ML SOL OR CT FR VD AMB X 120 ML;8,57;9,6
1046504030047;Negativa;3 MG/ML XPE CT FR VD AMB X 120 ML + CP MED X 10 ML;9,12;10,21
1046504370018;Negativa;1 MG/G SOL TOP CAPIL CT FR PLAS OPC GOT X 50 ML;20,2;22,62
1046505030075;Negativa;0,25 MG/ML + 3 MG/ML SOL OFT CT FR PLAS OPC GOT X 15 ML;5,38;6,03
1046505050041;Positiva;50 MG COM REV CT BL AL PLAS INC X 30;28,71;28,71
1046505050246;Positiva;100 MG COM REV CT BL AL PLAS INC X 30;42,41;42,41
1046505060020;Negativa;2 MG COM CT BL AL PLAS INC X 20;6,12;6,85
1047300310015;Negativa;1,0 ML/ML TINT CT FR PLAS AMB X 120 ML + CP MED;32,43;36,32
1047300350017;Negativa;1ML/ML TINT CT FR PLAS AMB X 120ML + CP MED;7;7,84
1047300360012;Negativa;1,0 ML/ML TINT CT FR PLAS AMB X 120 ML + COP;5,88;6,59
1047300380021;Negativa;0,25 ML/ML + 0,50 ML/ML TINT CT FR PLAS AMB X 100 ML;7,99;8,95
1047300390019;Negativa;0,08ML/ML XPE CT FR PLAS AMB X 100ML + COP;3,93;4,4
1047300410028;Negativa;100 MG COM REV CT BL AL PLAS PVDC TRANS X 30;27,71;31,03
1047300410044;Negativa;100 MG COM REV CT BL AL PLAS PVDC TRANS X 60;53,37;59,78
1047300420041;Negativa;200 MG COM REV CT BL AL PLAS TRANS X 60;66,83;74,85
1047300430010;Negativa;260 MG COM REV CT BL AL PLAS PVDC TRANS X 20;34,3;38,42
1047300440024;Negativa;80 MG COM REV CT BL AL PLAS PVDC TRANS X 30;44,43;49,76
1047300440075;Negativa;120 MG COM REV CT BL AL PLAS PVDC TRANS X 30;58,17;65,15
1047500430030;Positiva;20 MG COM REV CT  BL AL PLAS TRANS X 28;204,98;204,98
1047500440044;Positiva;10 MG  COM REV CT BL AL PLAS TRANS X 7;51,1;51,1
1047500440060;Positiva;10 MG  COM REV CT BL AL PLAS TRANS X 28;204,68;204,68
1047500440079;Positiva;20 MG  COM REV CT BL AL PLAS TRANS X 28;388,77;388,77
1047500440087;Positiva;15 MG  COM REV CT BL AL PLAS TRANS X 7;61,37;61,37
1047500440109;Positiva;15 MG  COM REV CT BL AL PLAS TRANS X 28;245,58;245,58
1047500440168;Positiva;20 MG/ML SOL OR CT FR VD AMB CGT X 15 ML;219,16;219,16
1047500440265;Positiva;10 MG  COM REV CT BL AL PLAS TRANS X 30;219,15;219,15
1047500440273;Positiva;10 MG  COM REV CT BL AL PLAS TRANS X 60;438,29;438,29
1047500440291;Positiva;15 MG  COM REV CT BL AL PLAS TRANS X 30;263,05;263,05
1047500440311;Positiva;20 MG  COM REV CT BL AL PLAS TRANS X 30;416,54;416,54
1047500450015;Positiva;10 MG COM REV CT  BL AL PLAS TRANS X 20;31,36;31,36
1047500450031;Positiva;25 MG COM REV CT BL AL PLAS TRANS X 20;68,56;68,56
1047500450058;Positiva;50 MG/ML SOL INJ ACUPHASE CT AMP VD TRANS X 1 ML;31,53;31,53
1047500450082;Positiva;200 MG/ML SOL INJ IM DEPOT CX AMP VD TRANS X 1 ML;62,92;62,92
1047500500047;Positiva;10 MG COM REV CT BL AL PLAS TRANS X 7;55,9;55,9
1047500500063;Positiva;10 MG COM REV CT BL AL PLAS TRANS X 28;223,79;223,79
1047500500071;Positiva;10 MG COM REV CT BL AL PLAS TRANS X 56;447,56;447,56
1047500500128;Positiva;20 MG COM REV CT BL AL PLAS TRANS X 10;159,77;159,77
1047500500136;Positiva;20 MG COM REV CT BL AL PLAS TRANS X 30;479,38;479,38
1047500520013;Negativa;5MG COM REV CT BL AL PLAS TRANS X 10;46,95;52,58
1047500520021;Negativa;5MG COM REV CT BL AL PLAS TRANS X 30;140,91;157,82
1047500520048;Negativa;10MG COM REV CT BL AL PLAS TRANS X 10;93,94;105,21
1047500520056;Negativa;10MG COM REV CT BL AL PLAS TRANS X 30;281,86;315,68
1047500520064;Negativa;10MG COM REV CT BL AL PLAS TRANS X 60;563,71;631,36
1047500520072;Negativa;15MG COM REV CT BL AL PLAS TRANS X 10;57,27;64,14
1047500520080;Negativa;15MG COM REV CT BL AL PLAS TRANS X 30;171,81;192,43
1047500520099;Negativa;15MG COM REV CT BL AL PLAS TRANS X 60;343,6;384,83
1047500520110;Negativa;20MG COM REV CT BL AL PLAS TRANS X 30;438,16;490,74
1047500530035;Negativa;0,5 MG COM REV CT BL AL PLAS PVC TRANS X 10;43,93;49,2
1047500530043;Negativa;0,5 MG COM REV CT BL AL PLAS PVC TRANS X 30;131,8;147,62
1047500530051;Negativa;1 MG COM REV CT BL AL PLAS PVC TRANS X 10;87,87;98,41
1047500530061;Negativa;1 MG COM REV CT BL AL PLAS PVC TRANS X 30;263,61;295,24
1047500530078;Negativa;2 MG COM REV CT BL AL PLAS PVC TRANS X 30;500,52;560,58
1047500530086;Negativa;3 MG COM REV CT BL AL PLAS PVC TRANS X 30;500,52;560,58
1047500540014;Negativa;5MG COM REV CT BL AL PLAS TRANS X 10;45,54;51,01
1047500540022;Negativa;5MG COM REV CT BL AL PLAS TRANS X 30;136,68;153,08
1047500540049;Negativa;10MG COM REV CT BL AL PLAS TRANS X 10;54,48;61,02
1047500540057;Negativa;10MG COM REV CT BL AL PLAS TRANS X 30;163,47;183,09
1047500540081;Negativa;15MG COM REV CT BL AL PLAS TRANS X 30;170,09;190,5
1047500540111;Negativa;20MG COM REV CT BL AL PLAS TRANS X 30;306,72;343,53
1047500550011;Negativa;100 MG/ML SOL DIL INFUS IV CT FA VD TRANS X 1 ML;2395,42;2682,87
1047700360011;Negativa;(0,15 + 0,30) MG/ML SOL OFT CT FR GOT  PLAS PEAD/PEBD TRANS X 20 ML;8,63;9,67
1048100100010;Negativa;500 MG/ML SOL OR CT FR PLAS OPC GOT X 10 ML;4,41;4,94
1048100100023;Negativa;500 MG/ML  SOL OR CT FR PLAS OPC GOT X 20 ML;3,71;4,16
1048100310028;Negativa;28,2 MG + 52,6 MG + 13,3 MG UNG CT PT PLAST X 30 G;8,53;9,55
1048100310052;Negativa;28,2 MG + 52,6 MG + 13,3 MG UNG DISP 12 PT PLAS X 12 G;54,31;60,83
1048100410057;Positiva;50 MG/ML PO SUS OR CT FR VD AMB X 150 ML;19,58;19,58
1048100410073;Positiva;500 MG CAP GEL DURA CT BL AL PLAS INC X 21;24,27;24,27
1048100440010;Positiva;50 MG COM REV CT BL AL PLAS TRANS X 20;8,89;8,89
1048100450016;Positiva;5 MG COM CT BL AL PLAS TRANS X 30;4,96;4,96
1048100450032;Positiva;5 MG COM CT  BL AL PLAS TRANS X 500;26,29;26,29
1048100490123;Negativa;153 MG + 200 MG + 25 MG COM MAST CT BL AL PLAS TRANS X 30 (SABOR ABACAXI);10,74;12,03
1048100490141;Negativa;153 MG + 200 MG + 25 MG COM MAST CT BL AL PLAS TRANS X 240 (SABOR ABACAXI);70,81;79,31
1048100510051;Positiva;40 MG COM CT BL AL PLAS TRANS X 20;4,54;4,54
1048100510061;Positiva;40 MG COM CT BL AL PLAS TRANS X 500;33,96;33,96
1048100560016;Positiva;50 MG COM REV CT BL AL PLAS TRANS X 20;7,17;7,17
1048100740014;Negativa;200 MG COM REV CT BL AL PLAS INC X 20;9,28;10,39
1048100740065;Negativa;50 MG/ML SUS OR CT FR PLAS OPC GOT X 30 ML;10,14;11,36
1048100740073;Negativa;400 MG COM REV CT BL AL PLAS INC 10;9,21;10,32
1048100740138;Negativa;100 MG/ML SUS OR CT FR GOT PLAS OPC X 20 ML;11,49;12,87
1048100760023;Positiva;50 MG/G POM BUC CT BG AL X 25 G (SBR LARANJA);12,5;12,5
1048100920225;Positiva;20 MG COM REV CT BL AL PLAS TRANS X 30;16,27;16,27
1048100920306;Positiva;40 MG COM REV CT BL AL PLAS TRANS X 30;29,29;29,29
1048100930026;Positiva;850 MG COM CT BL AL PLAS TRANS X 30;5,75;5,75
1048100940013;Positiva;200 MG COM CT BL AL PLAS TRANS X 10;17,24;17,24
1048100940021;Positiva;200 MG COM CT BL AL PLAS TRANS X 30;44,82;44,82
1048100950094;Positiva;25 MG COM CT BL AL PLAS PVC TRANS X 30;7,23;7,23
1048100960022;Positiva;25 MG COM CT BL AL PLAS PVC TRANS X 30;3,05;3,05
1048100970011;Positiva;500 MG COM REV CT BL AL PLAS PVC TRANS X 7;43,72;43,72
1048100970028;Positiva;500 MG COM REV CT BL AL PLAS PVC TRANS X 10;56,41;56,41
1048100980147;Positiva;10 MG COM CT BL AL PLAS PVC/PVDC TRANS X 500;349,81;349,81
1048100980163;Positiva;20 MG COM CT BL AL PLAS PVC/PVDC TRANS X 500;460,25;460,25
1048100980244;Positiva;5 MG COM CT BL AL PLAS PVC/PVDC TRANS X 500;234,41;234,41
1048100980252;Positiva;20 MG COM CT BL AL AL X 30;17,82;17,82
1048100980295;Positiva;10 MG COM BL AL AL X 30;9,9;9,9
1048101000014;Positiva;50 MG COM REV CT BL AL PLAS TRANS X 20;7,54;7,54
1048101010011;Positiva;100 MG COM CT BL AL PLAS TRANS X 12;11,78;11,78
1048101010028;Positiva;50 MG/ML SUS OR CT FR PLAS OPC GOT X 15 ML;14,27;14,27
1048101030029;Positiva;5 MG COM CT BL AL PLAS OPC X 30;14,8;14,8
1048101030053;Positiva;10 MG COM CT BL AL PLAS OPC X 30;18,51;18,51
1048101060033;Positiva;400MG COM REV CT BL AL/PLAS TRANS X 14;17,6;17,6
1048101070047;Positiva;10 MG COM REV CT STR AL X 30;37,35;37,35
1048101070209;Positiva;20 MG COM REV CT STR AL X 30;37,35;37,35
1048101070365;Positiva;40 MG COM REV CT STR AL X 30;74,7;74,7
1048101080034;Negativa;5 MG COM REV CT BL AL PLAS TRANS X 30;11,2;12,54
1048101080077;Negativa;10 MG COM REV CT BL AL PLAS TRANS X 15;6,71;7,51
1048101080085;Negativa;10 MG COM REV CT BL AL PLAS TRANS X 30;12,89;14,44
1048101090013;Positiva;50 MG COM REV CT BL AL PLAS TRANS X 20;7,58;7,58
1048101100019;Negativa;6 MG/ML XPE ADU CT FR PET AMB X 120 ML + COP (SABOR MEL/EUCALIPTO);9,83;11,01
1048101100027;Negativa;3 MG/ML XPE INF CT FR PET AMB X 120 ML + COP (SABOR MEL);8,21;9,2
1048101110014;Positiva;50 MG/G CREM DERM CT BG X 10 G;10,97;10,97
1048101110057;Positiva;200 MG COM CT BL AL PLAS TRANS X 30;58,71;58,71
1048101120011;Positiva;25 MG COM CT BL AL PLAS TRANS X 30;5,35;5,35
1048101120036;Positiva;50 MG COM CT BL AL PLAS TRANS X 30;9,61;9,61
1048101130015;Negativa;1G COM EFEV CT TB PLAS X 10 (SABOR LARANJA);7,5;8,4
1048101140053;Positiva;500 MG COM REV CT BL AL PLAS TRANS X 14;22,84;22,84
1048101150105;Positiva;2MG COM CT BL AL PLAS PVC/PE/PVDC TRANS X 30;17,24;17,24
1048101150148;Positiva;4MG COM CT BL AL PLAS PVC/PE/PVDC TRANS X 30;25,31;25,31
1048101160011;Negativa;(20,0 + 0,64 + 2,5) MG / G CREM DERM CT BG AL X 30 G;13,54;15,17
1048101170025;Negativa;10 MG/G GEL CT BG PLAS PE AL OPC X 60;7,7;8,62
1048101190026;Positiva;150 MG COM REV CT STR AL X 20;9,35;9,35
1048101200013;Positiva;150 MG CAP GEL DURA CT BL AL PLAS INC X 1;6,79;6,79
1048101200021;Positiva;150 MG CAP GEL DURA CT BL AL PLAS INC X 2;10,89;10,89
1048101210027;Negativa;20 MG/G CREM DERM CT BG AL X 30 G;10,05;11,26
1048101220065;Negativa;30 MG + 300 MG + 30 MG COM REV CT BL AL PLAS PVC/PE/PVDC TRANS X 20;4,95;5,54
1048101220111;Negativa;30 MG + 300 MG + 30 MG COM REV CT BL AL PLAS PVC/PE/PVDC TRANS X 10;5,99;6,71
1048101230011;Negativa;20 MG/G LOO CT FR PLAS OPC X 30 ML;5,14;5,76
1048101240031;Negativa;460 MG/G + 100 MG/G + 440 MG/G PO EFEV CT 60 ENV AL PLAS X 5 G (EMB MULT);32,63;36,55
1048101240066;Negativa;460 MG/G + 100 MG/G + 440 MG/G PO EFEV FR PLAS OPC X 100 G;7,26;8,13
1048101250010;Positiva;400 MG COM MAST CT BL AL PLAS TRANS X 1;5,85;5,85
1048101250029;Positiva;400 MG COM MAST CT BL AL PLAS TRANS X 3;12,67;12,67
1048101260083;Positiva;75 MG COM REV CT STR AL X 30;54,65;54,65
1048101270011;Negativa;(0,4 + 0,05) MG/ML XPE CT FR PLAS PET AMB X 120 ML+ COP;12,25;13,72
1048101280025;Positiva;20 MG COM REV LIB RETARD CT STR AL X 28;31,8;31,8
1048101280051;Positiva;40 MG COM REV LIB RETARD CT STR AL X 28;51,3;51,3
1048101290012;Negativa;20 MG/ML XAMP CT FR PLAS OPC X 100 ML;14,45;16,18
1048101300018;Negativa;6 MG/ML XPE ADU CT FR PET AMB X 120 ML + COP (SABOR MEL/EUCALIPTO);9,81;10,99
1048101300026;Negativa;3 MG/ML XPE INF CT FR PET AMB X 120 ML + COP (SABOR MEL);9,57;10,72
1048101310013;Positiva;5 MG COM CT BL AL PLAS TRANS X 30;7,57;7,57
1048101320019;Negativa;200 MG/ML SOL CT FR GOT PLAS OPC X 15 ML;5,82;6,52
1048101330030;Negativa;300 MG + 50 MG + 35 MG COM CT BL AL PLAS AMB X 100;30,1;33,71
1048101330057;Negativa;300 MG + 50 MG + 35 MG COM CT BL AL PLAS AMB X 20;6,15;6,89
1048101350015;Negativa;(20,0 + 0,64 + 2,5) MG / G CREM DERM CT BG AL X 30 G;13,07;14,64
1048101360029;Negativa;0,25 MG + 2,0 MG COM CT BL AL PLAS OPC X 20;10,41;11,66
1048101370148;Negativa;100 MG COM CT BL AL PLAS PVDC TRANS X 30;4,42;4,95
1048101380011;Negativa;1,5 MG/ML COLUT  CT FR SPR PLAS OPC X 30 ML (SBR MENTA);13,29;14,89
1048101380021;Negativa;1,5 MG/ML COLUT CT FR SPR PLAS OPC X 30 ML (SBR MEL);13,29;14,89
1048101380097;Negativa;3 MG PAS DURA CT BL AL PLAS TRANS  X 8 (SBR LARANJA);8;8,96
1048101380135;Negativa;3 MG PAS DURA CT BL AL PLAS TRANS  X 8 (SBR CEREJA);8;8,96
1048101380178;Negativa;3 MG PAS DURA CT BL AL PLAS TRANS  X 8 (SBR MENTA-LIMO);8;8,96
1048101380216;Negativa;3 MG PAS DURA CT BL AL PLAS TRANS  X  8 (SBR MENTA-LIMO DIET);10,45;11,7
1048101380259;Negativa;3 MG PAS DURA CT BL AL PLAS TRANS  X 8 (SBR MEL-LIMO);7,77;8,7
1048101390051;Negativa;60 MG COM REV CT BL AL PLAS PVDC TRANS X 10;11,46;12,84
1048101390246;Negativa;120 MG COM REV CT BL AL PLAS PVDC TRANS X 10;23,02;25,78
1048101390361;Negativa;180 MG COM REV CT BL AL PLAS PVDC TRANS X 10;35,98;40,3
1048101400047;Positiva;20 MG CAP DURA LIB RETARD CT BL AL PVC TRANS X 28;13,87;13,87
1048101400128;Positiva;20 MG CAP DURA LIB RETARD CT BL AL PVC TRANS X 56;20,03;20,03
1048101410034;Positiva;20 MG CAP DURA LIB RETARD CT BL AL PVC TRANS X 14;34,76;34,76
1048101410042;Positiva;20 MG CAP DURA LIB RETARD CT BL AL PVC TRANS X 28;14,48;14,48
1048101410123;Positiva;20 MG CAP DURA LIB RETARD CT BL AL PVC TRANS X 56;23,17;23,17
1048101420013;Positiva;500 MG CAP DURA CT BL AL PLAS TRANS X 21;13,8;13,8
1048101420072;Positiva;50 MG/ML PO SUS OR CT FR PLAS OPC  X 150 ML + COP;13,8;13,8
1048101430019;Negativa;7 MG/ML SOL OR CT FR PLAS PET AMB X 100 ML + 1 COP;25,68;28,76
1048101440022;Positiva;70 MG COM CT ENV AL E POLIET X 4;22,74;22,74
1048101470053;Negativa;60 MG COM REV CT BL AL PLAS PVDC TRANS X 10;12,09;13,54
1048101470231;Negativa;120 MG COM REV CT BL AL PLAS PVDC TRANS X 10;27,12;30,38
1048101470355;Negativa;180 MG COM REV CT BL AL PLAS PVDC TRANS X 10;38,63;43,27
1048101530031;Negativa;10 MG/G CREM DERM CT BG AL X 30 G;7,78;8,71
1048101630034;Negativa;(400,0 + 4,0 + 4,0) MG CAP DURA CT BL AL PLAS PVC TRANS X 20;13,85;15,51
1049100110013;Negativa;120 MG/ML SOL RET CX 20 FR PLAS TRANS X 500 ML;133,56;149,59
1049100120091;Positiva;200 MG/ML SOL INJ IV CX 35 BOLS PVC SIST FECH X 250 ML;392,26;392,26
1049100120111;Positiva;200 MG/ML SOL INJ IV CX 40 FR PLAS SIST FECH X 250 ML;448,31;448,31
1049100180157;Positiva;9 MG/ML SOL INJ IV CX 50 BOLS PVC SIST FECH X 100 ML;286,67;286,67
1049100180165;Positiva;9 MG/ML SOL INJ IV CX 35 BOLS PVC SIST FECH X 250 ML;158,41;158,41
1049100180173;Positiva;9 MG/ML SOL INJ IV CX 20 BOLS PVC SIST FECH X 500 ML;119,57;119,57
1049100180181;Positiva;9 MG/ML SOL INJ IV CX 10 BOLS PVC SIST FECH X 1000 ML;81,8;81,8
1049100180254;Positiva;9 MG/ML SOL INJ IV CX 24 FR PE TRANS SIST FECH X 500 ML;143,5;143,5
1049100180262;Positiva;9 MG/ML SOL INJ IV CX 12 FR PE TRANS SIST FECH X 1000 ML;98,17;98,17
1049100190111;Positiva;(9 + 50) MG/ML SOL INJ IV CX 35 BOLS PLAS PVC TRANS SIST FECH X 250 ML;140,39;140,39
1049100190128;Positiva;(9 + 50) MG/ML SOL INJ IV CX 20 BOLS PLAS PVC TRANS SIST FECH X 500 ML;151,87;151,87
1049100190136;Positiva;(9 + 50) MG/ML SOL INJ IV CX 10 BOLS PLAS PVC TRANS SIST FECH X 1000 ML;57,24;57,24
1049100190187;Positiva;(9 + 50) MG/ML SOL INJ IV CX 12 FR PLAS PE TRANS SIST FECH X 1000 ML;56,32;56,32
1049100200271;Positiva;50 MG/ML SOL INJ IV CX 20 BOLS PLAS SIST FECH X 500 ML;111,87;111,87
1049100200281;Positiva;50 MG/ML SOL INJ IV CX 10 BOLS PLAS SIST FECH X 1000 ML;89,38;89,38
1049100200352;Positiva;50 MG/ML SOL INJ IV CX 12 FR PLAS TRANS SIST FECH X 1000 ML;108,96;108,96
1049100200417;Positiva;100 MG/ML SOL INJ IV CX 35 BOLS PLAS SIST FECH X 250 ML;201,29;201,29
1049100200425;Positiva;100 MG/ML SOL INJ IV CX 20 BOLS PLAS SIST FECH X 500 ML;152,85;152,85
1049100200433;Positiva;100 MG/ML SOL INJ IV CX 10 BOLS PLAS SIST FECH X 1000 ML;116,98;116,98
1049100200441;Positiva;50 MG/ML SOL INJ IV CX 50 BOLS PLAS SIST FECH X 100 ML;291,23;291,23
1049100200451;Positiva;50 MG/ML SOL INJ IV CX 35 BOLS PLAS SIST FECH X 250 ML;148,29;148,29
1049100570125;Positiva;SOL INFUS IV CX 35 BOLS PVC SIST FECH X 250 ML;235,11;235,11
1049100570133;Positiva;SOL INFUS IV CX 20 BOLS PVC SIST FECH X 500 ML;148,88;148,88
1049100570141;Positiva;SOL INFUS IV CX 10 BOLS PVC SIST FECH X 1000 ML;101,25;101,25
1049100600032;Positiva;(9 + 0,3 + 0,3) MG/ML SOL INJ IV CX 20 BOLS PLAS PVC TRANS SIST FECH X 500 ML;127,52;127,52
1049100600113;Positiva;(9 + 0,3 + 0,3) MG/ML SOL INJ IV CX 24 FR PLAS PE TRANS SIST FECH X 500 ML;153,04;153,04
1049100610127;Positiva;SOL INFUS IV  CX 35 ENVOL BOLS PLAS PVC SIST FECH X 250 ML;192,19;192,19
1049100610135;Positiva;SOL INFUS IV CX 20 ENVOL BOLS  PLAS PVC SIST FECH X 500 ML;102,52;102,52
1049100610143;Positiva;SOL INFUS IV  CX 10 ENVOL BOLS PLAS PVC SIST FECH X 1000 ML;102,17;102,17
1049100610161;Positiva;SOL INFUS IV CX 40 FR PLAS TRANS SIST FECH X 250 ML;219,66;219,66
1049100610194;Positiva;SOL INFUS IV  CX 12 FR PLAS TRANS SIST FECH X 1000 ML;122,62;122,62
1049100630020;Positiva;(5,844+0,257+4,483+0,152) MG/ML SOL HF CX 4 BOLS PLAS TRANS X 5000 ML;171,03;171,03
1049100640026;Positiva;5 MG/ML SOL INJ IV CX 50 BOLS  PVC SIST FECH X 100 ML;510,09;510,09
1049100640034;Positiva;5 MG/ML SOL INJ IV CX 50 FR PLAS SIST FECH X 100 ML;510,09;510,09
1049100660019;Negativa;(160+60) MG/ML CX 50 FR PLAS TRANSP X 125 ML;462,59;518,1
1049100660027;Negativa;(160+60) MG/ML CT FR PLAS TRANSP X 125 ML;9,22;10,33
1049100660035;Negativa;(160+60) MG/ML CX 12 FR PLAS TRANS X 125 ML;95,49;106,95
1049100670014;Positiva;30 MG/ML SOL IRR UROL 5 BOLS PVC SIST FECH X 3000 ML;172,61;172,61
1049100680011;Positiva;15 MG/ML SOL IRR CX 5 BOLS PVC SIST FECH X 3000 ML;171,81;171,81
1049100690015;Positiva;SOL IRR CX 5 BOLS PLAS TRANS SIST FECH X 3000 ML;97,53;97,53
1049100700010;Positiva;9 MG/ML SOL INJ IV CX 50 BOLS PVC SIST FECH X 100 ML;286,67;286,67
1049100700029;Positiva;9 MG/ML SOL INJ IV CX 35 BOLS PVC SIST FECH X 250 ML;158,41;158,41
1049100700037;Positiva;9 MG/ML SOL INJ IV CX 20 BOLS PVC SIST FECH X 500 ML;119,57;119,57
1049100700045;Positiva;9 MG/ML SOL INJ IV CX 10 BOLS PVC SIST FECH X 1000 ML;81,8;81,8
1049100710016;Positiva;84 MG/ML SOL INJ IV CX 40 FR PLAS SIST FECH X 250 ML;1053,27;1053,27
1049201440022;Positiva;25 MG COM CT BL AL PLAS TRANS X 30;27,89;27,89
1049201440065;Positiva;50 MG COM CT BL AL PLAS TRANS X 30;46,03;46,03
1049201440081;Positiva;100 MG COM CT BL AL PLAS TRANS X 30;76,85;76,85
1049201620012;Positiva;300 MG COM CT BL AL PLAS PVC/PVDC TRANS X 50;18,01;18,01
1049201620055;Positiva;300 MG COM CT BL AL PLAS PVC/PVDC TRANS X 500;170,55;170,55
1049201620071;Positiva;300 MG COM CT BL AL PLAS PVC/PVDC TRANS X 60;21,04;21,04
1049201620081;Positiva;300 MG COM CT BL AL PLAS PVC/PVDC TRANS X 90;31,56;31,56
1049201710046;Positiva;400 MG CAP GEL DURA CT BL AL PLAS TRANS X 30;62,87;62,87
1049201780060;Positiva;2 MG COM REV CT BL AL PLAS TRANS X 20;116,16;116,16
1049201780109;Positiva;3 MG COM REV CT BL AL PLAS TRANS X 20;172,94;172,94
1049201850050;Negativa;(500,0 + 30,0) MG COM CT BL AL PLAS TRANS X 12;12,97;14,53
1049201850069;Negativa;(500,0 + 30,0) MG COM CT BL AL PLAS TRANS X 24;25,74;28,83
1049201850077;Negativa;(500,0 + 30,0) MG COM CT BL AL PLAS TRANS X 50;53,63;60,07
1049201850085;Negativa;(500,0 + 30,0) MG COM CT BL AL PLAS TRANS X 60;64,36;72,08
1049201850093;Negativa;(500,0 + 30,0) MG COM CT BL AL PLAS TRANS X 100;107,26;120,13
1049201850107;Negativa;(500,0 + 30,0) MG COM CT BL AL PLAS TRANS X 120;128,72;144,17
1049201850115;Negativa;(500,0 + 30,0) MG COM CT BL AL PLAS TRANS X 200;214,5;240,24
1049201850123;Negativa;(500,0 + 30,0) MG COM CT BL AL PLAS TRANS X 240;257,42;288,31
1049201850131;Negativa;(500,0 + 30,0) MG COM CT BL AL PLAS TRANS X 36;38,53;43,15
1049201890044;Positiva;75MG COM REV CT BL AL AL X 100;377,67;377,67
1049201890141;Positiva;75MG COM REV CT BL AL AL X 14;61,56;61,56
1049201890151;Positiva;75MG COM REV CT BL AL AL X 28;111,74;111,74
1049201930038;Positiva;10 MG COM REV CT BL AL PLAS TRANS X 15;77,97;77,97
1049201930054;Positiva;10 MG COM REV CT BL AL PLAS TRANS X 30;58,38;58,38
1049201930062;Positiva;10 MG COM REV CT BL AL PLAS TRANS X 60;115,58;115,58
1049201970048;Positiva;0.125 MG COM CT BL AL/AL X 30;23,66;23,66
1049201970129;Positiva;0.25 MG COM CT BL AL/AL X 30;51,28;51,28
1049201970201;Positiva;1 MG COM CT BL AL/AL X 30;154,54;154,54
1049202060037;Positiva;2,5 MG COM REV CT BL AL/AL X 30;204,99;204,99
1049202060088;Positiva;5 MG COM REV CT BL AL/AL X 30;302,79;302,79
1049202060142;Positiva;10 MG COM REV CT BL AL/AL X 30;605,63;605,63
1049202080038;Positiva;2,5 MG COM REV CT BL AL/AL X 30;204,99;204,99
1049202080070;Positiva;5 MG COM REV CT BL AL/AL X 15;151,39;151,39
1049202080089;Positiva;5 MG COM REV CT BL AL/AL X 30;302,79;302,79
1049202080135;Positiva;10 MG COM REV CT BL AL/AL X 30;605,63;605,63
1049202090041;Positiva;10 MG COM CT BL AL PLAS TRANS X 30;58,44;58,44
1049202110026;Positiva;0,4 MG CAP DURA LIB PROL CT BL AL PLAS TRANS X 10;39,7;39,7
1049202140014;Positiva;150 MG COM CT BL AL AL X 1;57,54;57,54
1049202140022;Positiva;150 MG COM CT BL AL AL X 2;115,1;115,1
1049202140030;Positiva;150 MG COM CT BL AL AL X 3;172,63;172,63
1049202140049;Positiva;150 MG COM CT BL AL AL X 6;345,27;345,27
1049202140057;Positiva;150 MG COM CT BL AL AL X 12;690,56;690,56
1049202140065;Positiva;150 MG COM CT BL AL AL X 18;1035,83;1035,83
1049202140073;Positiva;150 MG COM CT BL AL AL X 24;1381,12;1381,12
1049202240019;Positiva;0.125 MG COM CT BL AL/AL X 10;5,11;5,11
1049202240027;Positiva;0.125 MG COM CT BL AL/AL X 15;13,93;13,93
1049202240043;Positiva;0.125 MG COM CT BL AL/AL X 30;15,36;15,36
1049202240051;Positiva;0.125 MG COM CT BL AL/AL X 60;30,72;30,72
1049202240094;Positiva;0.25 MG COM CT BL AL/AL X 10;10,26;10,26
1049202240124;Positiva;0.25 MG COM CT BL AL/AL X 30;30,73;30,73
1049202240132;Positiva;0.25 MG COM CT BL AL/AL X 60;61,49;61,49
1049202240140;Positiva;0.25 MG COM CT BL AL/AL X 100;212,29;212,29
1049202240175;Positiva;1 MG COM CT BL AL/AL X 10;40,42;40,42
1049202240183;Positiva;1 MG COM CT BL AL/AL X 15;95,95;95,95
1049202240205;Positiva;1 MG COM CT BL AL/AL X 30;121,21;121,21
1049202240213;Positiva;1 MG COM CT BL AL/AL X 60;242,47;242,47
1049202240221;Positiva;1 MG COM CT BL AL/AL X 100;639,58;639,58
1049202310041;Positiva;62,5 MG COM REV CT FR PLAS OPC X 60;1790,73;1790,73
1049202310157;Positiva;125 MG COM REV CT FR PLAS OPC X 60;3581,48;3581,48
1049202330077;Positiva;8 MG CAP DURA LIB PROL CT BL AL PLAS TRANS X 100;791,19;791,19
1049202330182;Positiva;16 MG CAP DURA LIB PROL CT BL AL PLAS TRANS X 100;692,93;692,93
1049202330298;Positiva;24 MG CAP DURA LIB PROL CT BL AL PLAS TRANS X 100;745,05;745,05
1049202340021;Negativa;5 MG COM CT BL AL PLAS PVC/PE/PVDC TRANS X 14;29,29;32,8
1049202340048;Negativa;5 MG COM CT BL AL PLAS PVC/PE/PVDC TRANS X 30;74,44;83,37
1049202340072;Negativa;5 MG COM CT BL AL PLAS PVC/PE/PVDC TRANS X 60;148,86;166,72
1049202370011;Positiva;62,5 MG COM REV CT FR PLAS OPC X 60;1790,73;1790,73
1049202370028;Positiva;125 MG COM REV CT FR PLAS OPC X 60;3581,46;3581,46
1049202380015;Positiva;8 MG CAP DURA LIB PROL CT BL AL PLAS TRANS X 10;68,79;68,79
1049202380041;Positiva;8 MG CAP DURA LIB PROL CT BL AL PLAS TRANS X 30;206,39;206,39
1049202380155;Positiva;16 MG CAP DURA LIB PROL CT BL AL PLAS TRANS X 30;230,43;230,43
1049202380260;Positiva;24 MG CAP DURA LIB PROL CT BL AL PLAS TRANS X 30;249,49;249,49
1049202390010;Positiva;10 + 10 MG COM CT BL AL PLAS TRANS X 7;16,42;16,42
1049202390029;Positiva;10 + 10 MG COM CT BL AL PLAS TRANS X 14;32,85;32,85
1049202390037;Positiva;10 + 10 MG COM CT BL AL PLAS TRANS X 28;65,72;65,72
1049202390045;Positiva;10 + 10 MG COM CT BL AL PLAS TRANS X 56;131,4;131,4
1049202390053;Positiva;10 + 10 MG COM CT BL AL PLAS TRANS X 84;197,13;197,13
1049202390061;Positiva;10 + 10 MG COM CT BL AL PLAS TRANS X 100;234,69;234,69
1049202390071;Positiva;10 + 10 MG COM CT BL AL PLAS TRANS X 140;328,54;328,54
1049202390088;Positiva;10 + 10 MG COM CT BL AL PLAS TRANS X 210;492,82;492,82
1049202390096;Positiva;10 + 10 MG COM CT BL AL PLAS TRANS X 280;657,1;657,1
1049202390101;Positiva;10 + 10 MG COM CT BL AL PLAS TRANS X 560;1314,2;1314,2
1049202390215;Positiva;10 + 20 MG COM CT BL AL PLAS TRANS X 7;16,42;16,42
1049202390223;Positiva;10 + 20 MG COM CT BL AL PLAS TRANS X 14;32,85;32,85
1049202390231;Positiva;10 + 20 MG COM CT BL AL PLAS TRANS X 28;65,72;65,72
1049202390241;Positiva;10 + 20 MG COM CT BL AL PLAS TRANS X 56;131,4;131,4
1049202390258;Positiva;10 + 20 MG COM CT BL AL PLAS TRANS X 84;197,13;197,13
1049202390266;Positiva;10 + 20 MG COM CT BL AL PLAS TRANS X 100;234,69;234,69
1049202390274;Positiva;10 + 20 MG COM CT BL AL PLAS TRANS X 140;328,54;328,54
1049202390282;Positiva;10 + 20 MG COM CT BL AL PLAS TRANS X 210;492,82;492,82
1049202390290;Positiva;10 + 20 MG COM CT BL AL PLAS TRANS X 280;657,1;657,1
1049202390304;Positiva;10 + 20 MG COM CT BL AL PLAS TRANS X 560;1314,2;1314,2
1049202390428;Positiva;10 + 40 MG COM CT BL AL PLAS TRANS X 7;28,76;28,76
1049202390436;Positiva;10 + 40 MG COM CT BL AL PLAS TRANS X 14;57,55;57,55
1049202390444;Positiva;10 + 40 MG COM CT BL AL PLAS TRANS X 28;115,11;115,11
1049202390452;Positiva;10 + 40 MG COM CT BL AL PLAS TRANS X 56;230,2;230,2
1049202390460;Positiva;10 + 40 MG COM CT BL AL PLAS TRANS X 84;345,3;345,3
1049202390479;Positiva;10 + 40 MG COM CT BL AL PLAS TRANS X 100;411,08;411,08
1049202390487;Positiva;10 + 40 MG COM CT BL AL PLAS TRANS X 140;575,52;575,52
1049202390495;Positiva;10 + 40 MG COM CT BL AL PLAS TRANS X 210;863,28;863,28
1049202390509;Positiva;10 + 40 MG COM CT BL AL PLAS TRANS X 280;1151,02;1151,02
1049202390517;Positiva;10 + 40 MG COM CT BL AL PLAS TRANS X 560;2302,02;2302,02
1049700040062;Positiva;50 MG/ML SOL INJ IM CT 50 AMP VD AMB X 2 ML;140,58;140,58
1049700040089;Positiva;50 MG CAP DURA CT BL AL PLAS PVC TRANS X 24;32,36;32,36
1049700040097;Positiva;100 MG PO LIOF SOL INJ IV CT 50 FA VD TRANS;498,63;498,63
1049700060020;Negativa;20 MG/ML XPE CT FR VD AMB X 120 ML;16,04;17,96
1049700060055;Negativa;20 MG/ML XPE CT FR VD AMB X 120 ML+ COP;16,04;17,96
1049700090025;Positiva;100 MG COM CT BL AL PLAS PVC TRANS X 12;19,1;19,1
1049700190048;Negativa;50 MG/G + 5 MG/G POM DERM CT BG AL X 30 G;23,55;26,38
1049700200049;Negativa;10 MG/G CREM DERM CT BG AL X 20 G;14,29;16
1049700200094;Positiva;100 MG PO SOL INJ/INFUS IV/IM CT 50 FA VD TRANS;271,18;271,18
1049700200124;Positiva;500 MG PO SOL INJ/INFUS IV/IM CT 50 FA VD TRANS;622,59;622,59
1049700210014;Negativa;1000 MG + 10 MG COM EFEV CT TB PLAS OPC X 30;38,93;43,6
1049700210022;Negativa;1000 MG + 10 MG COM EFEV CT TB PLAS OPC X 10;13,48;15,1
1049700890109;Negativa;100 MG/ML SOL TOP CT FR VD AMB X 5 ML;7,23;8,1
1049700950057;Negativa;10 MG COM CT BL AL PLAS TRANS X 20;23,14;25,92
1049700950085;Negativa;5 MG/ML SOL INJ CX 6 AMP VD AMB X 2 ML;25,65;28,73
1049700950093;Negativa;4 MG/ML SOL OR CT FR VD AMB CGT X 20 ML;19,14;21,44
1049700990014;Positiva;(150 + 10) MG/ML SOL INJ CT AMP VD AMB X 1 ML;12,24;12,24
1049700990028;Positiva;(150 + 10) MG/ML SOL INJ CT AMP VD AMB X 1 ML + SER + AGU;12,25;12,25
1049701110026;Positiva;20 MG/ML SOL INJ CX 12 AMP VD TRANS X 20 ML;63,52;63,52
1049701110056;Positiva;20 MG/ML SOL INJ CX 12 FA VD TRANS X 20 ML;63,52;63,52
1049701110064;Positiva;20 MG/ML SOL INJ CT 10 FA VD TRANS X 20 ML;52,94;52,94
1049701200128;Negativa;10 MG/G GEL TOP CT BG AL X 60 G;11,99;13,43
1049701260058;Positiva;0,2 MG/ML SOL INJ SC/IM/IV CX 50 AMP VD AMB X 1 ML;82,45;82,45
1049701390062;Positiva;2 MG/ ML SOL INJ CX 2 AMP VD TRANS X 1 ML;14;14
1049701390070;Positiva;2 MG/ ML SOL INJ CX 50 AMP VD TRANS X 1 ML;221,46;221,46
1049701390083;Positiva;4 MG/ML SOL INJ CX 50 FA VD TRANS X 2,5 ML;333,7;333,7
1049701470036;Positiva;5 MG COM CT BL AL PLAS TRANS X 200;85,34;85,34
1049701470044;Positiva;10 MG COM CT BL AL PLAS TRANS  X 200;97,55;97,55
1049701470052;Positiva;5 MG/ ML SOL INJ CX  50 AMP VD AMB  X 2 ML;74,72;74,72
1049701490043;Positiva;5 UI/ML SOL INJ CT 50 AMP VD TRANS X 1 ML;76,31;76,31
1049701550031;Positiva;5 MG/ML SOL INJ CT 50 AMP VD AMB X 5 ML ( EMB HOSP);86,78;86,78
1049701550048;Positiva;100 MG COM REV CT BL AL PLAS PVC/PVDC TRANS X 100;26,25;26,25
1049701600061;Positiva;150 MG COM REV CT STR AL X 20;31,68;31,68
1049701720040;Positiva;20 MG/ML SUS OR CT FR VD AMB X 100 ML + COP;15,5;15,5
1049701720067;Positiva;200 MG COM CT BL AL PLAS PVC TRANS X 200;108,66;108,66
1049701760123;Positiva;1 G PO SOL INJ CX 50 FA VD TRANS;394,38;394,38
1049701850025;Positiva;0,50% SOL INJ CT 6 FA VD TRANS X 20 ML;137,24;137,24
1049701870018;Negativa;(0,5+1+10+10) MG/G CREM DERM CT BG AL X 20 G;27,29;30,57
1049701880013;Positiva;5 MG/ML  + 2 MG/ML SUS INJ  CT  AMP VD TRANS X 1 ML;22,01;22,01
1049701880021;Positiva;5 MG/ML  + 2 MG/ML SUS INJ  CT  AMP VD TRANS X 1 ML+ SER + AGU;21,51;21,51
1049701880031;Positiva;5 MG/ML  + 2 MG/ML SUS INJ  CT 50  AMP VD TRANS X 1 ML;1050,8;1050,8
1049701880056;Positiva;5 MG/ML  + 2 MG/ML SUS INJ  CT  6 AMP VD TRANS X 1 ML+ 6 SER + 6 AGU;129,07;129,07
1049701900014;Positiva;2 MG COM CT  BL AL PLAS PVC/PVDC TRANS X 75;19,37;19,37
1049701910036;Positiva;2 MG/ML SOL OR CT FR PLAS OPC GOT X 20 ML;4,35;4,35
1049701910060;Positiva;5 MG COM CT BL AL PLAS INC X 200 (EMB HOSP);39,01;39,01
1049701910095;Positiva;5 MG/ML SOL INJ CX 50 AMP VD AMB X 1 ML (EMB HOSP);169,11;169,11
1049701940032;Positiva;250 MG PO LIOF P/ SOL INJ CT 5 FA VD TRANS + 5 AMP DIL;407,93;407,93
1049701940040;Positiva;250MG PO LIOF P/ SOL INJ CT 5 FA VD TRANS;407,94;407,94
1049701940083;Positiva;200 MG COM CT BL AL PLAS TRANS X 25;65,3;65,3
1049701940121;Positiva;200 MG COM CT BL AL PLAS TRANS X 200 (EMB HOSP);522,67;522,67
1049702040027;Positiva;1 MG/ML SOL INJ CT 5 AMP VD TRANS X 5 ML;33,97;33,97
1049702040035;Positiva;5 MG/ML SOL INJ CT 5 AMP VD TRANS X 3 ML;70,94;70,94
1049702040061;Positiva;5 MG/ML SOL INJ CT 5 AMP VD TRANS X 10 ML;160,82;160,82
1049702040108;Positiva;1 MG/ML SOL INJ CT 50 AMP VD TRANS X 5 ML;339,73;339,73
1049702040116;Positiva;5 MG/ML SOL INJ CT 50 AMP VD TRANS X 3 ML;591,84;591,84
1049702040124;Positiva;5 MG/ML SOL INJ CT 50 AMP VD TRANS X 10 ML;1608,4;1608,4
1049702060036;Positiva;100 MG PO SOL INJ CT FA VD TRANS;19,54;19,54
1049702060044;Positiva;500 MG PO SOL INJ CT FA VD TRANS;28,9;28,9
1049702070023;Positiva;5,0 MG/ML+0,0091 MG/ML SOL INJ CT 6 FA VD AMB X 20 ML;132,73;132,73
1049702080010;Negativa;40 MG COM REV CT ENV KRAFT POLIET X 20;14,73;16,5
1049702080029;Negativa;75 MG/ML EMU OR CT FR PLAS OPC GOT X 10 ML;9,84;11,02
1049702080037;Negativa;75 MG/ML EMU OR CT FR PLAS OPC GOT X 15 ML;11,12;12,45
1049702230039;Positiva;50 MG PO LIOF SOL INJ CT 25 FA VD AMB;665,23;665,23
1049702260019;Negativa;4 MG/ML + 0,75 MG/ML XPE CT FR VD AMB X 100 ML + COP;14,49;16,23
1049702260035;Negativa;48 MG/ML + 9 MG/ML SOL OR CT FR GOT VD AMB X 15 ML;17,28;19,35
1049702280028;Positiva;(500,0+500,0) MG PO INJ IV CT FA VD AMB;134,71;134,71
1049702420016;Positiva;500 MG PO SOL INFUS IV CT FA VD TRANS;37,23;37,23
1049702420024;Positiva;500 MG PO SOL INFUS IV CT 50 FA VD TRANS;1850,3;1850,3
1049702470048;Negativa;200 MG/ML SOL OR CT FR GOT VD AMB X 20 ML;8,94;10,01
1049702470056;Negativa;1 G COM EFEV CT TB PLAS X 10;11,41;12,78
1049702470064;Negativa;1 G COM EFEV CT TB PLAS X 30;29,93;33,52
1049702510015;Positiva;500 MG PO SOL FA VD INC + DIL X 10 ML;196,22;196,22
1049702520053;Positiva;200 MG/ML SOL INJ CT 5 AMP VD INC X 1 ML;9,17;9,17
1049702540011;Positiva;400 MG PO SOL INJ CT FA VD INC + SOL DIL X 3 ML;576,57;576,57
1049702540021;Positiva;200 MG PO SOL INJ CT FA VD INC + SOL DIL X 3 ML;287,16;287,16
1049702560012;Positiva;12,5 MG/ML SOL INJ CT  AMP VD AMB X 20 ML (REST HOSP);35,5;35,5
1049702610011;Positiva;50 MG/ML SOL INJ CX 25 AMP VD AMB X 1 ML;191,94;191,94
1049702640067;Positiva;50 MCG/ML SOL INJ CT 25 AMPT VD TRANS X 5 ML - REST HOSP;77,73;77,73
1049702640083;Positiva;50 MCG/ML SOL INJ CT 50 AMP VD TRANS X 2 ML - REST HOSP;62,14;62,14
1049702640131;Positiva;50 MCG/ML SOL INJ CT 25 AMP VD TRANS X 10 ML;157,82;157,82
1049702680018;Positiva;5 MG/G + 250 UI/G POM DERM CT BG AL X 10 G;8,67;8,67
1049702730112;Positiva;50 MG CAP GEL DURA CT BL AL PLAS AMB X 10;21,28;21,28
1049702790018;Positiva;50 MG/ML  PO SUS CT FR VD AMB X 150 ML+ COP X 15 ML;26,97;26,97
1049702790026;Positiva;100 MG/ML  PO SUS CT FR VD AMB X 150 ML+ COP X 15 ML;36,57;36,57
1049702800013;Negativa;200 MG/ML SOL OR CT FR PLAS OPC GOT X 15 ML;6,36;7,12
1049702810019;Negativa;750 MG COM CT BL AL PLAS TRANS X 20;11,6;12,99
1049702810027;Negativa;750 MG COM CT BL AL PLAS TRANS X 200;108,16;121,14
1049702840041;Positiva;150 MG/ML SOL INJ CX C/ COLM 50 AMP VD TRANS X 4 ML;821,51;821,51
1049702850029;Positiva;100 MG COM CT BL AL PLAS PVC TRANS X 30;6,73;6,73
1049702850037;Positiva;100 MG COM CT BL AL PLAS PVC TRANS X 200;45,19;45,19
1049702860016;Positiva;0,15 MG + 0,03 MG COM CT BL AL PLAS TRANS X 21;5,72;5,72
1049702860024;Positiva;0,15 MG + 0,03 MG COM CT BL AL PLAS TRANS X 63;17,26;17,26
1049702890012;Positiva;250 MG COM CT FR VD AMB X 25;12,21;12,21
1049702890039;Positiva;250 MG COM CT BL AL PLAS PVC/PVDC TRANS X 30;14,65;14,65
1049711280019;Negativa;50 MG + 10 MG COM CT BL AL PLAS TRANS X 20;7,46;8,36
1049711280027;Negativa;50 MG/ML + 50 MG/ML SOL INJ CT 50 AMP VD TRANS X 1 ML;70,83;79,33
1049711280043;Negativa;25 MG/ML + 5 MG/ML SOL OR CT FR GOT PLAS OPC X 20 ML;7,83;8,77
1049711280078;Negativa;50 MG + 10 MG COM CT BL AL PLAS TRANS X 30;10,66;11,94
1049711320010;Positiva;125 MG PO LIOF SOL INJ CT FA VD TRANS + DIL AMP VD TRANS X 2 ML;33,88;33,88
1049711320029;Positiva;500 MG PO LIOF SOL INJ CT FA VD TRANS + DIL AMP VD TRANS X 8 ML;93,45;93,45
1049711330016;Positiva;50 MG/ML SOL INJ CT 3 AMP VD AMB X 1 ML;50,12;50,12
1049711340054;Positiva;1 MG COM REV CT BL AL PLAS PVC/PVDC TRANS X 30;30,62;30,62
1049711340070;Positiva;2 MG COM REV CT BL AL PLAS PVC/PVDC TRANS X 30;30,62;30,62
1049711340097;Positiva;3 MG COM REV CT BL AL PLAS PVC/PVDC TRANS X 30;30,62;30,62
1049711370018;Negativa;200 MG/ML SOL OR CT FR PLAS OPC GOT X 15 ML;10,75;12,04
1049711370050;Negativa;750 MG COM CT BL AL PLAS TRANS X 200;166,87;186,89
1049711380013;Positiva;20 MG COM REV CT BL AL PLAS TRANS X 10;29,4;29,4
1049711380031;Positiva;40 MG P LIF SOL INJ CT 5 FA VD TRANS + 5 AMP DIL X 2 ML;108,79;108,79
1049711380072;Positiva;20 MG P LIF SOL INJ CT 50 FA VD TRANS;490,95;490,95
1049711380188;Positiva;40 MG P LIF SOL INJ CT 50 FA VD TRANS;727,49;727,49
1049711380218;Positiva;20 MG COM  REV CT BL AL PLAS TRANS X 5;14,72;14,72
1049711420015;Negativa;2 MG + 0,25 MG COM CT BL AL PLAS TRANS X 15;10,17;11,39
1049711420023;Negativa;2 MG/5ML + 0,25 MG/5ML  XPE CT FR VD AMB X 120 ML + COP;17,76;19,89
1049711420031;Negativa;2 MG + 0,25 MG COM CT BL AL PLAS TRANS X 20;13,59;15,22
1049711470012;Negativa;SUS OR CT FR VD AMB X 90 ML;10,21;11,43
1049711470020;Negativa;CAP GEL DURA CT FR VD AMB X 24;13,29;14,89
1049711490021;Negativa;100 MG/ML SOL DIL INFUS IV/INAL CT 5 AMP VD AMB X 3 ML;19,07;21,36
1049711490048;Negativa;"40 MG/G GRAN CT 15 ENV POLIET X 5 G&nbsp;01";25,17;28,19
1049711490064;Negativa;20 MG/ML XPE CT FR VD AMB X 100 ML;18,12;20,3
1049711510014;Negativa;50 MG/G POM DERM CT BG AL X 45 G;21,38;23,95
1049711510022;Negativa;50 MG/ML LOCAO CT FR VD AMB X 50 ML;13,91;15,58
1049711520028;Negativa;PO TOP CT TB PLAS X 50 G;18,43;20,64
1049711520036;Negativa;(40,0 + 150,0 +30,0 + 50,0  + 0,5 ) MG/ML SOL DERM CT FR VD AMB X 50 ML + CGT;12,05;13,5
1049711530015;Negativa;SOL INJ IV CT AMP  VD TRANS A X 10 ML + AMP VD TRANS B X 10 ML;12;13,44
1049711540010;Negativa;10 MG/ML + 10 MG/ML + 20MG/ML SOL DERM CT FR VD AMB X 30 ML + CGT;11,02;12,34
1049711550016;Negativa;20 MG/G PO TOP CT FR PLAS OPC X 30 G;21,23;23,78
1049711550024;Negativa;20 MG/G CREM DERM CT BG AL X 28 G;16,11;18,04
1049711580012;Negativa;300 MG + 125 MG + 50 MG + 30 MG COM CT BL AL PLAS TRANS X 30;26,48;29,66
1049711580020;Negativa;300 MG + 125 MG + 50 MG + 30 MG COM CT BL AL PLAS TRANS X 15;13,22;14,81
1049711580039;Negativa;300 MG + 125 MG + 50 MG + 30 MG COM CT BL AL PLAS TRANS X 100;74,4;83,33
1049711640147;Negativa;(40,0 + 1,0 + 0,4) MG/ML SOL OR CT FR VD AMB X 60 ML + COP;8,85;9,91
1049711670022;Positiva;20 MG/ ML SOL INJ CT 50 AMP VD AMB X 5 ML;104,09;104,09
1049711670044;Positiva;400 MG COM REV CT BL AL PLAS PVC TRANS X 20;40,57;40,57
1049711680017;Negativa;5 MG COM REV LIB RETARD CT BL AL PLAS TRANS X 20;4,35;4,87
1049711680033;Negativa;5 MG COM REV LIB RETARD CT BL AL PLAS TRANS X 150;32,61;36,52
1049711730014;Positiva;(3,00+3,00) MG/ML SUS INJ CT  AMP  VD AMB  X 1 ML;14,45;14,45
1049711730022;Positiva;(3,00+3,00) MG/ML SUS INJ CT 25  AMP VD AMB X 1ML;362;362
1049711760029;Positiva;0,5 MG/ML SOL INJ CT 50 AMP VD TRANS X 1 ML;240,33;240,33
1049711780011;Positiva;20 MG COM REV CT BL AL PLAS TRANS X 20;29,13;29,13
1049711780021;Positiva;20 MG COM REV CT BL AL PLAS TRANS X 30;56,49;56,49
1049711810093;Positiva;500 MG CAP GEL DURA CT BL AL PLAS INC X 3;35,12;35,12
1049711840014;Negativa;3 MG/ML XPE CT FR VD AMB X 120 ML + COP;15,07;16,88
1049711850011;Negativa;10 MG COM CT BL AL PLAS TRANS X 12;10,94;12,25
1049711850036;Negativa;1 MG/ML XPE CT FR VD AMB X 100 ML + COP;9,79;10,97
1049711890054;Positiva;150 MG/ML SUS INJ CT SER PREENC VD TRANS X 1 ML;28,18;28,18
1049711890076;Positiva;150 MG/ML SUS INJ CT AMP VD TRANS X 1 ML;27,68;27,68
1049711940019;Negativa;(5,00+120,00) MG COM REV LIB PROL CT BL AL PLAS TRANS X 12;28,23;31,62
1049711940035;Negativa;(1,00+12,00) MG/ML XPE CT FR VD AMB X 60 ML;28,94;32,41
1049711950014;Positiva;0,5 MG COM CT BL AL PLAS INC X 20;6,57;6,57
1049711950022;Positiva;2 MG COM CT BL AL PLAS  INC X 20;11,86;11,86
1049711950030;Positiva;2,5 MG/ML SOL OR CT FR PLAS OPC X 20 ML;15,7;15,7
1049711960060;Positiva;20 MG CAP DURA CT FR PLAS OPC X 28;28,9;28,9
1049711960133;Positiva;20 MG CAP DURA CT BL AL PLAS TRANS X 28;22,93;22,93
1049711960141;Positiva;20 MG CAP DURA CT BL AL PLAS TRANS X 56;45,86;45,86
1049711960168;Positiva;20 MG CAP DURA CT BL AL PLAS TRANS X 98;80,27;80,27
1049711960206;Negativa;40 MG PO SOL INJ CT 50 FA VD TRANS + 50 AMP DIL X 10ML;1792,77;2007,9
1049712010023;Positiva;50 MG COM CT BL AL PLAS TRANS X 20;120;120
1049712020029;Positiva;10 MG/G CREM DERM CT BG AL PLAS OPC X 30 G;25,74;25,74
1049712020037;Positiva;10 MG/G CREM DERM CT BG AL PLAS OPC X 50 G;34,89;34,89
1049712040011;Positiva;25 MG/ML SOL INJ CX 50 AMP VD AMB X 2 ML;75,57;75,57
1049712050017;Positiva;0,25 MG/ML SOL INAL CT FR GOT VD AMB X 20 ML;8,87;8,87
1049712060020;Positiva;3 MG COM CT BL AL PLAS TRANS X 30;15,35;15,35
1049712060055;Positiva;6 MG COM CT BL AL PLAS TRANS X 30;22,36;22,36
1049712080013;Positiva;2 MG/ML SOL OR CT FR GOT PLAS PEBD OPC X 20 ML;4,35;4,35
1049712090027;Negativa;500 MG + 30 MG COM CT BL AL PLAS TRANS X 12;17,79;19,92
1049712090159;Negativa;500 MG + 30 MG COM CT BL AL PLAS TRANS X 36;28,2;31,58
1049712090175;Negativa;500 MG + 30 MG COM CT BL AL PLAS TRANS X 120 (EMB HOSP);136;152,32
1049712110036;Positiva;10 MG/ML SOL INJ CT 50 AMP VD AMB X 1 ML;160,24;160,24
1049712120015;Positiva;40 MG/ML SUS INJ CT FA VD INC X 2 ML;14,8;14,8
1049712130118;Positiva;300 MG COM REV  CT  BL AL PLAS TRANS X 10;13,09;13,09
1049712130126;Positiva;300 MG COM REV  CT BL AL PLAS TRANS X 20;26,3;26,3
1049712130142;Positiva;300 MG COM REV  CT   BL AL PLAS TRANS X 60;79,08;79,08
1049712130150;Positiva;600 MG COM REV  CT   BL AL PLAS TRANS X 60;159,26;159,26
1049712130177;Positiva;600 MG COM REV  CT   BL AL PLAS TRANS X 20;53,08;53,08
1049712130185;Positiva;600 MG COM REV CT BL AL PLAS TRANS X 10;26,41;26,41
1049712130193;Positiva;60 MG/ML SUS OR CT FR VD AMB X 100 ML;41,64;41,64
1049712130207;Positiva;60 MG/ML SUS OR CT FR VD AMB X 100 ML+ SER DOS;41,64;41,64
1049712160017;Positiva;0,75 MG CT BL AL PLAS INC X 2;18,42;18,42
1049712200019;Positiva;10 MG/ML SOL INJ CT 6 AMP VD AMB X 1 ML;6,91;6,91
1049712220011;Positiva;5 MG/ML SOL INJ CX 5 AMP VD TRANS X 3 ML;47,42;47,42
1049712290018;Positiva;0,2 MG/ML SOL INJ IV/IM CT 50 AMP VD AMB X 2 ML;78,23;78,23
1049712300021;Positiva;25 MG DRG CT BL AL PLAS INC X 20;11,21;11,21
1049712300031;Positiva;50 MG COM REV CT BL AL PLAS TRANS X 20;13,49;13,49
1049712300048;Positiva;100 MG COM REV CT BL AL PLAS TRANS X 20;24,61;24,61
1049712310019;Negativa;10 MG COM REV CT BL AL PLAS TRANS X 20;10,59;11,86
1049712320014;Negativa;3 MG/ML XPE CT FR VD AMB X 120 ML + COP;10,84;12,14
1049712340031;Positiva;2 MG COM CT BL AL PLAS TRANS X 30;72,73;72,73
1049712340074;Positiva;4 MG COM CT BL AL PLAS TRANS X 30;104,44;104,44
1049712500012;Positiva;25 MG/ML SOL INJ IM CT 5 AMP VD TRANS X 3 ML;6,44;6,44
1049712500020;Positiva;25 MG/ML SOL INJ IM CT 50 AMP VD TRANS X 3 ML;65,36;65,36
1049712700011;Negativa;10 MG/ML SOL OFT CT FR PLAS OPC  GOT X 5 ML;9,99;11,19
1049712790071;Positiva;5 MG/ML SOL OFT CT FR PLAS OPC GOT X 5 ML;8,72;8,72
1049712810011;Positiva;20MG/ML + 5 MG/ML SOL OFT CT FR GOT PLAS OPCX 5 ML;53,85;53,85
1049712820025;Negativa;0,25 MG/ML + 3 MG/ML SOL OFT CT FR GOT PLAS OPC X 15 ML;6,57;7,36
1049712860019;Positiva;5 MG/ML SOL OFT CT FR GOT PLAS OPC X 5 ML;40,62;40,62
1049712860078;Positiva;4 MG/ML SOL OFT CT FR GOT PLAS OPC X 10 ML;64,98;64,98
1049712860116;Positiva;30 MG/ML SOL INJ CT 10 AMP VD AMB X 1ML;71,39;71,39
1049712860124;Positiva;4 MG/ML SOL OFT CT FR GOT PLAS OPC X 5 ML;31,14;31,14
1049712870014;Negativa;1,2 MG/ML SUS OFT CT FR GOT PLAS OPC X 10 ML;25,94;29,05
1049712870030;Negativa;10 MG/ML SUS OFT CT FR GOT PLAS OPC X 5 ML;15,77;17,66
1049712890074;Negativa;5 MG/ML SOL OFT CT FR GOT PLAS OPC  X 15 ML;20,4;22,85
1049712890082;Negativa;5 MG/ML SOL OFT CT FR GOT PLAS OPC  X 10 ML;14,51;16,25
1049712890090;Negativa;5 MG/ML SOL OFT CT FR GOT PLAS OPC X 5 ML;6,5;7,28
1049712950018;Positiva;20 MG/ML SOL OFT CT FR GOT PLAS OPC X 5 ML;58,1;58,1
1049712960013;Positiva;3 MG/ML SOL OFT CT FR PLAS OPC X 5 ML;17,37;17,37
1049712960021;Positiva;3 MG/G POM OFT CT BG AL X 3,5 G;22,06;22,06
1049713010019;Positiva;1 MG/ML SUS OFT CT FR PLAS OPC GOT X 5 ML;4,9;4,9
1049713020049;Negativa;5MG/G GEL CT BG AL X 40 G;16,52;18,5
1049713050010;Positiva;3 MG/ML + 1 MG/ML SUS OFT CT FR PLAS OPC X 5 ML;21,22;21,22
1049713050029;Positiva;3 MG/G + 1 MG/G POM OFT CT BG AL X 3,5 G;22,88;22,88
1049713070011;Positiva;(3+1) MG/ML SOL OFT CT FR GOT PLAS OPC X 5 ML;21,75;21,75
1049713070038;Positiva;(3+1) MG/G POM OFT CT BG AL X 3,5 G;20,77;20,77
1049713100026;Positiva;50 MG COM REV CT BL AL PLAS TRANS X 30;96,48;96,48
1049713110013;Positiva;(1 MG + 3,5 MG + 6000 UI)/ML SUS OFT CT FR PLAS OPC GOT X 5 ML;11,42;11,42
1049713110099;Positiva;(1 MG + 3,5 MG + 6000 UI)/G POM OFT CT BG AL X 3,5 G;18,69;18,69
1049713130022;Positiva;50 MG/ML SOL INJ IT/IV/IM/SC CX 50 AMP VD AMB X 1 ML;243,63;243,63
1049713130049;Positiva;50 MG/ML SOL INJ IT/IV/IM/SC CX 50 AMP VD AMB X 2 ML;349,17;349,17
1049713140028;Positiva;40 MG COM CT BL AL PLAS TRANS X 30;5,06;5,06
1049713150023;Negativa;50 MG/ML XPE CT FR PLAS TRANS X 100 ML+ COP;13,07;14,64
1049713150031;Negativa;20 MG/ML XPE CT FR PLAS TRANS X 100 ML+ COP;9,21;10,32
1049713160029;Positiva;0,5 MG/ML SOL INJ CT 50 AMP VD INC X 1 ML;159,76;159,76
1049713170016;Negativa;100 MG/ML SOL INJ IV/INAL CT 5 AMP VD AMB X 3 ML;11,6;12,99
1049713230027;Positiva;5 MG COM CT STR AL X 30;10,35;10,35
1049713230078;Positiva;5 MG COM CT BL AL AL X 30;10,35;10,35
1049713260015;Positiva;0,1 MG/ML SOL INJ IV CT 5 AMP VD TRANS X 5 ML;643,83;643,83
1049713280040;Negativa;20 MG/ML SOL INJ CT 50 AMP VD AMB X 1 ML(EMB HOSP);48,83;54,69
1049713300017;Positiva;40 MG/ML SOL OR CT FR GOT VD AMB X 20 ML;4,6;4,6
1049713310020;Positiva;200 MG COM CT BL AL PLAS PVC TRANS X 30;16,22;16,22
1049713310055;Positiva;200 MG COM CT BL AL PLAS PVC TRANS X 200;108,7;108,7
1049713320018;Positiva;300 MG CAP GEL DURA CT BL AL PLAS TRANS  X 16;66,23;66,23
1049713330013;Negativa;10 MG/ G CREM DERM CT BG AL X 20 G;7,88;8,83
1049713340019;Positiva;1 MG/ G CREM DERM CT BG AL X 10 G;6,41;6,41
1049713350030;Positiva;400 MG COM CT STR AL X 14;36,56;36,56
1049713360011;Positiva;20 MG COM CT BL AL PLAS TRANS X 10;15,5;15,5
1049713390016;Positiva;50 MG/ ML SOL INJ CT 25 AMP VD TRANS X 2 ML;54,11;54,11
1049713400021;Positiva;1 G PO SOL INJ CT 50 FA VD TRANS;544,67;544,67
1049713410025;Negativa;11,6 MG/G GEL DERM CT BG AL X 60 G;11,37;12,73
1049713420039;Negativa;5 MG/ML SOL INJ IM/IV CT 50 AMP VD AMB X 2ML (EMB HOSP);134,24;150,35
1049713440013;Positiva;20 MG/ML SUS OR CT FR VD AMB X 100 ML + COP;12,38;12,38
1049713450027;Positiva;10 MG/G CREM DERM CT BG PLAS AL OPC X 30 G;15,2;15,2
1049713500024;Positiva;2 MG/ML SOL OFT CT FR PLAS OPC GOT X 5 ML;40,01;40,01
1049713500040;Positiva;1MG/ML SOL OFT CT FR GOT PLAS OPC X 5ML;20;20
1049713510011;Negativa;(0,50 + 50,0 + 50,0 + 5,0) MG/ML SOL INJ CT AMP VD AMB X 2 ML + 5,2 MG/ML SOL INJ CT AMP VD AMB X 1 ML;9,43;10,56
1049713510021;Negativa;(0,50 + 50,0 + 50,0 + 5,0) MG/ML SOL INJ CT 3 AMP VD AMB X 2 ML + 5,2 MG/ML SOL INJ CT 3 AMP VD AMB X 1 ML;21,42;23,99
1049713510046;Negativa;(0,50 + 50,0  + 50,0 + 5,0) MG/ML SOL INJ CT 3 AMP VD AMB X 2 ML + 5,2 MG/ML SOL INJ CT 3 AMP VD INC X 1 ML;22,02;24,66
1049713540034;Positiva;500 MG CAP DURA CT BL AL PLAS PVC TRANS X 8;16,86;16,86
1049713540042;Positiva;500 MG CAP DURA CT BL AL PLAS PVC TRANS X 10;21,66;21,66
1049713540141;Positiva;500 MG CAP DURA CT BL AL PLAS PVC TRANS X 200;427,52;427,52
1049713550021;Positiva;50 MG/ML PO SUS OR CT FR VD AMB X 100 ML + COP;32,65;32,65
1049713570014;Negativa;20 MG/G SUS AER CT TB AL X 75G;30,62;34,3
1049713570030;Negativa;20 MG/ML SUS TOP CT FR PLAS OPC SPRAY X 60 ML;25,69;28,77
1049713580011;Positiva;0,25 MG/ML SOL OFT CT FR GOT PLAS OPC X 5 ML;20,19;20,19
1049713590015;Positiva;500 MG CAP DURA CT BL AL PLAS PVC TRANS X 15;21,7;21,7
1049713590031;Positiva;500 MG CAP DURA CT BL AL PLAS TRANS X 21;30,08;30,08
1049713590041;Positiva;500 MG CAP DURA CT BL AL PLAS TRANS X 30;41,05;41,05
1049713630017;Negativa;SOL AER TB AL X 60 ML;14,72;16,49
1049713630025;Negativa;SOL AER TB AL X 150 ML;28,29;31,69
1049713630033;Negativa;POM DERM CT BG AL X 20 G;10,24;11,47
1049713640012;Negativa;250 MG COM CT BL AL PLAS PVC TRANS X 24;11,4;12,77
1049713640020;Negativa;500 MG COM CT BL AL PLAS PVC TRANS X 24;24,98;27,98
1049713640063;Negativa;500 MG COM CT BL AL PLAS PVC TRANS X 10;9,19;10,29
1049713660013;Negativa;100 MG DRG CT BL AL PLAS INC X 25;9,21;10,32
1049713660021;Negativa;200 MG DRG CT BL AL PLAS INC X 18;11,45;12,82
1049713670019;Negativa;(400 + 4 + 4) MG CAP DURA CT BL AL PLAS PVC TRANS X 10;11,65;13,05
1049713670051;Negativa;(400 + 4 + 4) MG CAP DURA CT BL AL PLAS PVC TRANS X 200;111,75;125,16
1049713680030;Negativa;SOL OR CT 60 FLAC PLAS TRANS X 10 ML;83,98;94,06
1049713720016;Negativa;250MG COM CT BL AL PLAS TRANS X 20;17,68;19,8
1049713750055;Negativa;400 MG CAP GEL MOLE CT BL AL PLAS TRANS X 30;25,96;29,08
1049713770031;Positiva;10 MG COM REV CT STRIP X 30;21,75;21,75
1049713820029;Negativa;1000 MG + 1000 MG COM EFEV CT TB PLAS OPC X 16;28,23;31,62
1049713830024;Negativa;30 MG/ML SOL NAS CT FR SPR PLAS OPC X 60 ML;13,33;14,93
1049713840038;Positiva;10 MG COM REV CT BL AL PLAS OPC X 20;26,48;26,48
1049713840046;Positiva;10 MG COM REV CT BL AL PLAS OPC X 30;28,38;28,38
1049713850025;Positiva;10 MG COM CT BL AL PLAS TRANS X 20;15,2;15,2
1049713870026;Positiva;20 MG COM REV CT BL AL PLAS TRANS X 30;30,91;30,91
1049713900022;Positiva;5 MG COM CT BL AL PLAS TRANS X 30;9,08;9,08
1049713900057;Positiva;10 MG COM CT BL AL PLAS TRANS X 30;12,11;12,11
1049713910011;Positiva;100 MCG/ML SOL INJ CT 5 FA VD TRANS X 2 ML;548,36;548,36
1049713920041;Positiva;150 MG COM REV LIB PROL CT BL AL AL X 30;62,03;62,03
1049713920058;Positiva;150 MG COM REV LIB PROL CT BL AL AL X 60;99,26;99,26
1049713930010;Positiva;100 MCG/ML SOL INJ CT 5 FA VD TRANS X 2 ML;618,63;618,63
1049713950046;Positiva;10 MG COM REV CT BL AL PLAS OPC X 30;59,99;59,99
1049713950119;Positiva;20 MG COM REV CT BL AL PLAS OPC X 30;113,86;113,86
1049713950178;Positiva;15 MG COM REV CT BL AL PLAS OPC X 30;65,77;65,77
1049713960025;Positiva;10 MG COM CT BL AL PLAS TRANS X 20;16,58;16,58
1049713980018;Negativa;1 MG COM REV CT BL AL PLAS TRANS X 30;77,23;86,5
1049714000017;Positiva;2 MG/ML + 5 MG/ML SOL OFT CT FR PLAS OPC GOT X 5 ML;53,27;53,27
1049714000025;Positiva;2 MG/ML + 5 MG/ML SOL OFT CT FR PLAS OPC GOT X 10 ML;83,91;83,91
1049714010012;Positiva;2 MG/ML + 5 MG/ML SOL OFT CT FR PLAS OPC GOT X 5 ML;65,66;65,66
1049714010020;Positiva;2 MG/ML + 5 MG/ML SOL OFT CT FR PLAS OPC GOT X 10 ML;91,77;91,77
1049714020018;Negativa;(462 + 438 + 90)MG/G PO EFEV CT 50 ENV AL PLAS X 5 G (ABACAXI);57,92;64,87
1049714030048;Positiva;2 MG/ML SOL INJ CT 100 AMP VD AMB X 2 ML;3612,97;3612,97
1049714040019;Negativa;10 MG/ G CREM DERM CT BG AL X 20 G;11,17;12,51
1049714060044;Positiva;0,5 MG/ML SOL INJ CT 50 AMP VD TRANS X 1 ML;44,86;44,86
1049714080010;Negativa;(0,5+1+10+10) MG/G CREM DERM CT BG AL X 20 G;20,04;22,45
1049714090016;Positiva;2,0 MG + 0,035 MG COM REV CT BL AL PLAS TRANS X 21;14,68;14,68
1049714100021;Positiva;70 MG COM REV CT BL AL PLAS AMB X 4;41,63;41,63
1049714120055;Positiva;1 MG COM REV CT BL AL PLAS PVC/PVDC TRANS X 30;84,02;84,02
1049714120071;Positiva;2 MG COM REV CT BL AL PLAS PVC/PVDC TRANS X 30;174,26;174,26
1049714120098;Positiva;3 MG COM REV CT BL AL PLAS PVC/PVDC TRANS X 30;259,41;259,41
1049714130018;Positiva;150 MG COM REV LIB PROL CT STRIP AL/PLAS X 30;75,24;75,24
1049714130026;Positiva;150 MG COM REV LIB PROL CT STRIP AL/PLAS X 60;151,62;151,62
1049714140013;Positiva;1ML/ML LIQ INAL NAS CT FR VD AMB X 250ML;1101,36;1101,36
1049714140031;Positiva;1 ML/ML LIQ INAL NAS CT FR VD AMB X 100 ML;440,54;440,54
1049714160065;Positiva;200 MG COM CT BL AL PLAS TRANS X 30;176,41;176,41
1049714170036;Positiva;1 MG/ML SOL INJ IV CT 10 AMP VD TRANS X 1 ML;913,19;913,19
1049714170060;Positiva;1 MG/ML SOL INJ IV CT 5 AMP VD TRANS X 3 ML;676,51;676,51
1049714170079;Positiva;1 MG/ML SOL INJ IV CT 10 AMP VD TRANS X 3 ML;1353,05;1353,05
1049714180015;Positiva;20 MG COM REV CT BL AL PLAS INC X 10;21,86;21,86
1049714200016;Positiva;1ML/ML LIQ INAL NAS CT FR VD AMB X 250ML;1505,32;1505,32
1049714200032;Positiva;1 ML/ML LIQ INAL NAS CT FR VD AMB X 100 ML;521,34;521,34
1049714210038;Positiva;300 MG COM REV  CT   BL AL PLAS TRANS X 30;42,06;42,06
1049714210046;Positiva;300 MG COM REV  CT   BL AL PLAS TRANS X 60;84,14;84,14
1049714210054;Positiva;600 MG COM REV  CT   BL AL PLAS TRANS X 60;161,43;161,43
1049714210062;Positiva;600 MG COM REV  CT   BL AL PLAS TRANS X 30;80,68;80,68
1049714210097;Positiva;60 MG/ML SUS OR CT FR VD AMB X 100 ML+ SER DOS;31,86;31,86
1049714220025;Positiva;(150 + 10) MG/ML SOL INJ CT AMP VD AMB X 1 ML + SER + AGU;12,25;12,25
1049714240042;Positiva;3 MG/ML SOL OR CT FR PLAS AMB X 60 ML + SER DOS;12,95;12,95
1049714240166;Positiva;3 MG/ML SOL OR CT FR PLAS AMB X 120 ML + SER DOS;23,69;23,69
1049714280044;Positiva;20 MG CAP DURA CT BL AL PLAS PVC TRANS X 30;20,92;20,92
1049714300029;Negativa;0,4 MG/ML SOL OR CT FR PLAS PET AMB X 100 ML + COP;8,77;9,82
1049714320038;Positiva;2G + 0,25G PO SOL INJ IV CT 10 FA VD TRANS;791,77;791,77
1049714320070;Positiva;4G + 0,5G PO SOL INJ IV CT 10 FA VD TRANS;1133,25;1133,25
1049714330017;Positiva;0,075 MG COM REV CT BL AL PLAS PVC/PVDC TRANS X 28;25,62;25,62
1049714330025;Positiva;0,075 MG COM REV CT BL AL PLAS PVC/PVDC TRANS X 84;77,24;77,24
1049714340012;Positiva;0,075 MG COM REV CT BL AL PLAS PVC/PVDC TRANS X 28;20,03;20,03
1049714340020;Positiva;0,075 MG COM REV CT BL AL PLAS PVC/PVDC TRANS X 84;48,09;48,09
1049714340039;Positiva;0,075 MG COM REV CT BL AL PLAS PVC/PVDC TRANS X 56;41,58;41,58
1049714360013;Negativa;(400 + 4 + 4) MG CAP DURA CT BL AL PLAS PVC TRANS X 20;7,85;8,79
1049714360021;Negativa;(400 + 4 + 4) MG CAP DURA CT BL AL PLAS PVC TRANS X 10;6,54;7,33
1049714360031;Negativa;(400 + 4 + 4) MG CAP DURA CT BL AL PLAS PVC TRANS X 100;55,58;62,25
1049714360056;Negativa;(400 + 4 + 4) MG CAP DURA CT BL AL PLAS PVC TRANS X 200;112,7;126,22
1049714390036;Negativa;2000 UI CAP MOLE CT BL AL PLAS PVC/PVDC TRANS X 30;26,46;29,64
1049714390044;Negativa;2000 UI CAP MOLE CT BL AL PLAS PVC/PVDC TRANS X 60;52,95;59,3
1049714390079;Negativa;7000 UI CAP MOLE CT BL AL PLAS PVC/PVDC TRANS X 4;14,59;16,34
1049714390087;Negativa;7000 UI CAP MOLE CT BL AL PLAS PVC/PVDC TRANS X 8;29,21;32,71
1049714390095;Negativa;7000 UI CAP MOLE CT BL AL PLAS PVC/PVDC TRANS X 30;109,49;122,63
1049714390109;Negativa;10000 UI CAP MOLE CT BL AL PLAS PVC/PVDC TRANS X 4;18,61;20,84
1049714390117;Negativa;50000 UI CAP MOLE CT BL AL PLAS PVC/PVDC TRANS X 4;121,52;136,1
1049714390192;Negativa;10000 UI CAP MOLE CT BL AL PLAS PVC/PVDC TRANS X 8;37,22;41,69
1049714390206;Negativa;50000 UI CAP MOLE CT BL AL PLAS PVC/PVDC TRANS X 8;243,05;272,22
1049714400066;Negativa;5000 UI COM REV CT BL AL PLAS OPC X 30;46,37;51,94
1049714400082;Negativa;7000 UI COM REV CT BL AL PLAS OPC X 30;66,32;74,28
1049714400090;Negativa;10000 UI COM REV CT BL AL PLAS OPC X 4;18,61;20,84
1049714400104;Negativa;50000 UI COM REV CT BL AL PLAS OPC X 4;58,83;65,89
1049714400181;Negativa;10000 UI COM REV CT BL AL PLAS OPC X 8;37,22;41,69
1049714400198;Negativa;50000 UI COM REV CT BL AL PLAS OPC X 8;117,66;131,78
1049714400236;Negativa;7000 UI COM REV CT BL AL PLAS OPC X 12;26,53;29,71
1049714420024;Positiva;70 MG COM CT BL AL PLAS PVC/PVDC TRANS X 4;26,3;26,3
1049714430046;Positiva;500 MG CAP DURA CT BL AL PLAS PVC TRANS X 10;21,37;21,37
